nro_orden,fecha,producto,cantidad,precio,descuento
12137166,2022-07-01,Lechuga Batavia Peque침a Unidad,1.0,2597.0,129.85
12169659,2022-07-01,Tomate Chonto Verde Mixto Kg,1.0,3500.0,350.0
12054332,2022-07-01,Arroz Naoli Bulto x 45kg Bulto x 45kg Desde 1 bulto,1.0,149500.0,8970.0
12191776,2022-07-01,Pechuga con Hueso y Piel  Campollo x 2.7kg - 3.5kg Bolsa entre 2.7kg - 3.5kg (3 unidades) Desde 3 Bolsas,3.0,11900.0,7482.72
12151411,2022-07-01,Aceite Naoli x 3Lt Botella por 3 litros Unidad,1.0,21765.0,652.95
12177218,2022-07-01,Aceite Naoli x 3Lt Botella por 3 litros Unidad,3.0,21765.0,1958.85
12207080,2022-07-02,Arroz Diana 25und x 500gr  Paquete 25 unidades x 500g Desde 2 unidades,2.0,44450.0,3556.0
12188358,2022-07-02,Papa a la Francesa Mydibel Calypso x 2.5 Bolsa de 2.5 kg 1 Bolsa (2.5kg),2.0,15958.0,1276.64
12135836,2022-07-01,Harina de Trigo la Insuperable 50kg Bulto x 50kg Unidad,1.0,158857.0,9531.42
12160916,2022-07-01,Arroz Diana 25und x 500gr  Paquete 25 unidades x 500g Paquete,1.0,44900.0,1796.0
12224880,2022-07-02,"Detergente Floral As saco x 1,000gr Saco x 1000g Unidad",1.0,5800.0,290.0
12142224,2022-07-01,Habichuela Est치ndar Kg - 游뱀 (Insuperable),1.0,6000.0,180.0
12183121,2022-07-02,Arroz Diana 25und x 500gr  Paquete 25 unidades x 500g Desde 4 unidades,4.0,44350.0,7096.0
12141778,2022-07-02,Huevos Rojos AA x 30 und Cart칩n x 30 un Cart칩n,1.0,15326.0,919.56
12183121,2022-07-02,Pechuga con Hueso y Piel  Campollo x 2.7kg - 3.5kg Bolsa entre 2.7kg - 3.5kg (3 unidades) Desde 3 Bolsas,2.0,11900.0,5140.8
12165335,2022-07-02,Tenedor Fresh x 100 und  Paquete x 100 un Paquete,1.0,4090.0,122.7
12040616,2022-07-02,Pechuga con Hueso y Piel  Campollo x 2.7kg - 3.5kg Bolsa entre 2.7kg - 3.5kg (3 unidades) Desde 3 Bolsas,2.0,11900.0,5140.8
12224270,2022-07-02,Lim칩n Pajarito Corriente Est치ndar Kg,2.0,3350.0,603.0
12177543,2022-07-02,Encendedor Eletronico Caja Bengala x 20 und Paquete x 20 un Desde 1 paquete,1.0,11087.0,886.96
12224468,2022-07-02,Pechuga con Hueso y Piel  Campollo x 2.7kg - 3.5kg Bolsa entre 2.7kg - 3.5kg (3 unidades) Desde 1 Bolsa,1.0,12200.0,2537.6
12078264,2022-07-02,Arroz Diana 25und x 500gr  Paquete 25 unidades x 500g Paquete,1.0,44900.0,1796.0
12094750,2022-07-02,Lechuga Batavia Peque침a Unidad,3.0,2597.0,389.55
12146220,2022-07-04,Arroz Naoli  25und x 500 gr Paquete 25 unidades x 500g Desde 4 unidades,4.0,42900.0,3432.0
12263454,2022-07-04,Bolsa de papel de 3 lb (12.5x25.5cm) x 100 und Paquete x 100 und Desde 3 paquetes,3.0,3813.0,915.12
12213848,2022-07-04,Cebolla Cabezona Blanca Sin Pelar Mixta Kg,1.0,2627.0,105.08
12195681,2022-07-04,Leche Entera Santo Domingo 6und x 900 ml Paquete de 6 Bolsas 900ml c/u Desde 1 paquete,1.0,17731.0,886.55
12303912,2022-07-05,Pechuga con Hueso y Piel  Campollo x 2.7kg - 3.5kg Bolsa entre 2.7kg - 3.5kg (3 unidades) Desde 3 Bolsas,3.0,11900.0,9996.0
12303892,2022-07-05,Carne Blanda para Asar de Res 2kg Refrigerado - Bolsa 2kg Desde 1 Bolsa (2kg),1.0,27500.0,1650.0
12314538,2022-07-05,Muslo con Contra Muslo Mercapollo x 500gr  Congelado M치s de 8 muslos x 500g,30.0,7700.0,6930.0
12303901,2022-07-05,Pechuga x 1kg  Mercapollo Congelado Pechuga x 1kg,2.0,12950.0,1450.4
12198404,2022-07-01,Servilleta Popular x 330 und Paquete x 330 un Desde 1 paquete,3.0,2773.0,415.95
12113816,2022-07-01,Aceite Naoli x 20Lt Bid칩n por 20 litros Unidad,1.0,146639.0,10264.73
12192210,2022-07-01,Detergente multiusos en polvo con Bicarbonato Ultrex x 125gr Bolsa x 125g Bolsa,1.0,891.0,106.92
12162109,2022-07-01,Harina de trigo La Nieve 50kg Bulto x 50kg Unidad,1.0,158571.0,6342.84
12155706,2022-07-01,Lechuga Batavia Peque침a Unidad,2.0,2597.0,779.1
12176339,2022-07-01,Aceite Naoli x 3Lt Botella por 3 litros Unidad,3.0,21765.0,1958.85
12192190,2022-07-01,Muslo con Contra Muslo  Campollo x 1.5kg - 1.9kg Bolsa entre 1.5kg - 1.9kg (3 unidades) Desde 1 Bolsa,1.0,7400.0,651.2
12308133,2022-07-05,Habichuela Est치ndar Kg - 游뱀 (Insuperable),1.0,7720.0,231.6
12239389,2022-07-05,Arroz Diana 25und x 500gr  Paquete 25 unidades x 500g Paquete,1.0,44900.0,1796.0
12181539,2022-07-02,Carne Molida Especial de Res 2kg Refrigerado - Bolsa 2kg Desde 1 Bolsa (2kg),1.0,20000.0,14000.0
12210033,2022-07-02,Az칰car en Bulto x 50kg  Bulto x 50kg Unidad,1.0,206571.0,6197.13
12164357,2022-07-02,Esponjilla Task x 6 und Paquete x 6 un Desde 1 paquete,1.0,1261.0,126.1
12099293,2022-07-02,Cebolla Cabezona Blanca Sin Pelar Grande Kg,1.0,2703.0,108.12
12356654,2022-07-06,Queso tipo Mozzarella Suiza tajado x 500 gr Tajado x 500 gr Unidad,1.0,9318.0,931.8
12168729,2022-07-02,Muslo con Contra Muslo Mercapollo x 500gr  Congelado Muslo x 500g,4.0,7200.0,720.0
12197144,2022-07-02,"Arroz Naoli Bulto x 22,5Kg Bulto x 22,5kg Desde 1 bulto",1.0,75250.0,4515.0
12208750,2022-07-04,Az칰car en Bulto x 50kg  Bulto x 50kg Unidad,1.0,209429.0,6282.87
12334145,2022-07-06,Aceite Naoli x 3Lt Botella por 3 litros Unidad,1.0,22681.0,680.43
12354045,2022-07-06,Apio Est치ndar Atado,1.0,1670.0,133.6
12201391,2022-07-04,Tomate de 츼rbol Corriente Tama침o Mixto Kg,3.0,3500.0,1050.0
12177510,2022-07-02,Tomate Chonto Extramaduro Mixto Kg,1.0,3500.0,1050.0
12157590,2022-07-05,Harina de trigo La Nieve 50kg Bulto x 50kg Desde 2 bultos,5.0,158095.0,31619.0
12063622,2022-07-05,Carne Molida Especial de Res 2kg Refrigerado - Bolsa 2kg Desde 1 Bolsa (2kg),1.0,20000.0,14000.0
12304341,2022-07-05,Apio Est치ndar Atado,7.0,1670.0,2104.2
12290324,2022-07-08,Arroz Emperador Bulto 45kg Bulto 45kg Desde 2 unidades,2.0,146900.0,14690.0
12160094,2022-07-02,Aceite Naoli x 3Lt Botella por 3 litros Unidad,3.0,21765.0,1958.85
12228809,2022-07-02,Cebolla Cabezona Blanca Sin Pelar Mixta Kg,2.0,2627.0,210.16
12221051,2022-07-05,Tomate Chonto Pint칩n Est치ndar (Grande) Kg (Tama침o 游),2.0,7020.0,561.6
12337560,2022-07-06,Aceite Naoli x 3Lt Botella por 3 litros Unidad,1.0,22681.0,680.43
12102112,2022-07-04,Az칰car en Bulto x 50kg  Bulto x 50kg Unidad,1.0,206571.0,6197.13
12378405,2022-07-08,Tomate Chonto Maduro Est치ndar (Grande) Kg,4.0,4038.0,2584.32
12464737,2022-07-09,Pechuga con Hueso y Piel  Campollo x 2.7kg - 3.5kg Bolsa entre 2.7kg - 3.5kg (3 unidades) Desde 1 Bolsa,1.0,12200.0,3025.6
12101141,2022-07-04,Harina de trigo La Nieve 50kg Bulto x 50kg Desde 2 bultos,2.0,158095.0,12647.6
12263692,2022-07-04,Tomate Chonto Maduro Est치ndar (Grande) Kg (Tama침o 游),2.0,5603.0,448.24
12452462,2022-07-09,Leche Entera UHT  Coolechera x 900 ml Bolsa x 900ml Unidad,1.0,3256.0,390.72
12188349,2022-07-02,Tomate Chonto Pint칩n Est치ndar (Grande) Kg,1.0,5840.0,934.4
12254008,2022-07-07,Az칰car en Bulto x 50kg  Bulto x 50kg Unidad,1.0,205714.0,6171.42
12262332,2022-07-04,Muslo con Contra Muslo Mercapollo x 500gr  Congelado Muslo x 500g,4.0,7200.0,576.0
12353192,2022-07-06,Arroz Naoli  25und x 500 gr Paquete 25 unidades x 500g Desde 2 unidades,2.0,43490.0,1739.6
12376952,2022-07-09,Maracuy치 Mixto Media Bolsa,1.0,6950.0,2085.0
12295797,2022-07-08,Arroz Pinillar 25und x 500 gr Paquete 25 unidades x 500g Paquete,1.0,47490.0,3324.3
12299356,2022-07-06,Tomate Chonto Extramaduro Mixto Kg,1.0,3500.0,1050.0
12422827,2022-07-09,Huevos Rojos AA x 30 und Cart칩n x 30 un Cart칩n,3.0,14800.0,2664.0
12391930,2022-07-07,Arroz Emperador Bulto 45kg Bulto 45kg Desde 2 unidades,2.0,146900.0,14690.0
12314496,2022-07-06,Tomate Chonto Maduro Est치ndar (Grande) Kg,2.0,4439.0,1420.48
12350084,2022-07-06,Cebolla Cabezona Blanca Sin Pelar Grande Kg,3.0,2703.0,324.36
12279566,2022-07-09,Desengrasante 123 x 500ml Botella x 500ml Unidad,1.0,2424.0,242.4
12337160,2022-07-08,Leche Entera Santo Domingo 6und x 900 ml Paquete de 6 Bolsas 900ml c/u Desde 1 paquete,1.0,17731.0,886.55
12346636,2022-07-08,Tomate de 츼rbol Corriente Tama침o Mixto Kg,1.0,3500.0,350.0
12390134,2022-07-08,Arroz Naoli x 3kg Bolsa de 3Kg Unidad,1.0,10890.0,653.4
12394540,2022-07-07,Gaseosa Coca Cola pet 12und x 1.5 Lt Paca x 12 Unidades de 1.5 Lts c/u Desde 3 pacas,3.0,43193.0,12957.9
12470901,2022-07-11,Huevos Rojos AA x 30 und Cart칩n x 30 un Cart칩n,3.0,14800.0,2664.0
12401841,2022-07-07,Yuca Tama침o Mixto Kg,1.0,2961.0,444.15
12334248,2022-07-07,Yuca Tama침o Mixto Kg,1.0,2961.0,1332.45
12350681,2022-07-07,Pollo Entero Marinado  Mercapollo x 1.9kg  Congelado Pollo Entero x 1.9kg,1.0,8600.0,1307.2
12329270,2022-07-06,Aceite Naoli x 3Lt Botella por 3 litros Unidad,4.0,22681.0,2721.72
12494883,2022-07-11,Frijol Zaragoza Naoli de 500gr Bolsa de 500gr Unidad,1.0,4050.0,364.5
12447757,2022-07-08,Lechuga Batavia Peque침a Unidad,1.0,2904.0,174.24
12503467,2022-07-11,Aj칤 Topito Est치ndar Kg,1.0,13200.0,1188.0
12406454,2022-07-09,Az칰car en Bulto x 50kg  Bulto x 50kg Unidad,1.0,205714.0,6171.42
12393840,2022-07-07,Cebolla Cabezona Blanca Sin Pelar Mixta Al por mayor,2.0,2550.0,4590.0
12199479,2022-07-07,Gaseosa Coca Cola pet 12und x 1.5 Lt Paca x 12 Unidades de 1.5 Lts c/u Desde 1 Paca,1.0,43529.0,4352.9
12303215,2022-07-05,Lechuga Batavia Estandar Unidad,4.0,3707.0,889.68
12246711,2022-07-07,Aceite Naoli x 3Lt Botella por 3 litros Unidad,1.0,22681.0,1360.86
12169555,2022-07-01,Lechuga Batavia Estandar Media Docena,1.0,3346.0,1606.08
12096587,2022-07-01,Pechuga con Hueso y Piel  Campollo x 2.7kg - 3.5kg Bolsa entre 2.7kg - 3.5kg (3 unidades) Desde 1 Bolsa,1.0,12200.0,2635.2
12400564,2022-07-08,"Arroz Naoli Bulto x 22,5Kg Bulto x 22,5kg Desde 1 bulto",1.0,75990.0,3039.6
12152654,2022-07-01,Aceite Naoli x 3Lt Botella por 3 litros Unidad,2.0,21765.0,1305.9
12492682,2022-07-11,Aceite Naoli x 3Lt Botella por 3 litros Unidad,3.0,22681.0,2041.29
12022028,2022-07-01,Aceite Naoli x 3Lt Botella por 3 litros Unidad,1.0,21765.0,652.95
12397678,2022-07-07,Uva Isabelina Estandar Bandeja 500g,1.0,5270.0,158.1
12177510,2022-07-02,Lim칩n Pajarito Corriente Est치ndar Kg,2.0,3350.0,402.0
12442826,2022-07-08,Aceite Naoli x 3Lt Botella por 3 litros Unidad,1.0,22681.0,680.43
12367579,2022-07-07,Harina de Trigo la Insuperable 50kg Bulto x 50kg Unidad,1.0,169524.0,10171.44
12368918,2022-07-08,Lim칩n Pajarito Est치ndar Al por mayor,1.0,3720.0,6696.0
12432600,2022-07-08,Pechuga con Hueso y Piel  Campollo x 2.7kg - 3.5kg Bolsa entre 2.7kg - 3.5kg (3 unidades) Desde 1 Bolsa,1.0,12200.0,3025.6
12357130,2022-07-08,Aceite Naoli x 3Lt Botella por 3 litros Unidad,2.0,22681.0,1360.86
12123759,2022-07-02,Pechuga con Hueso y Piel  Campollo x 2.7kg - 3.5kg Bolsa entre 2.7kg - 3.5kg (3 unidades) Desde 1 Bolsa,1.0,12200.0,2928.0
12379865,2022-07-08,Gaseosa Coca Cola pet 12und x 1.5 Lt Paca x 12 Unidades de 1.5 Lts c/u Desde 3 pacas,3.0,43193.0,6478.95
12077387,2022-07-02,Aceite Naoli x 3Lt Botella por 3 litros Unidad,1.0,22681.0,680.43
12437304,2022-07-08,Huevos Rojos A x 30 und Cart칩n x 30 un Desde 3 cartones,3.0,14600.0,2628.0
12225538,2022-07-02,Arroz Naoli x 3kg Bolsa de 3Kg Unidad,1.0,10890.0,326.7
12548598,2022-07-12,Pechuga con Hueso y Piel  Campollo x 2.7kg - 3.5kg Bolsa entre 2.7kg - 3.5kg (3 unidades) Desde 3 Bolsas,3.0,11900.0,6490.26
12224248,2022-07-02,Tomate Chonto Maduraci칩n Mixta Semi (Mediano) Kg,2.0,4645.0,464.5
12432516,2022-07-08,Cabezal de escoba suave Eterna Suave Unidad,1.0,3992.0,399.2
12229482,2022-07-02,Cebolla Cabezona Blanca Sin Pelar Mixta Al por mayor,2.0,2700.0,1080.0
12420595,2022-07-08,Detergente multiusos en polvo con Bicarbonato Ultrex x 125gr Bolsa x 125g Bolsa,1.0,891.0,106.92
12181187,2022-07-02,Pechuga con Hueso y Piel  Campollo x 2.7kg - 3.5kg Bolsa entre 2.7kg - 3.5kg (3 unidades) Desde 1 Bolsa,1.0,12200.0,2635.2
12106578,2022-07-01,Limipiador abrasivo PQP x 500gr Unidad x 500 gr Desde 1 unidad,1.0,2005.0,120.3
12340454,2022-07-06,Tomate Chonto Maduro Est치ndar (Grande) Kg (Tama침o 游),2.0,5603.0,448.24
12441058,2022-07-08,Muslo con Contra Muslo  Campollo x 1.5kg - 1.9kg Bolsa entre 1.5kg - 1.9kg (3 unidades) Desde 1 Bolsa,25.0,7400.0,22496.0
12248176,2022-07-06,Lim칩n Pajarito Corriente Est치ndar Kg,4.0,3350.0,1206.0
12271260,2022-07-06,Cebolla Cabezona Blanca Sin Pelar Mixta Kg,1.0,2627.0,105.08
12374650,2022-07-08,Salchicha Cazadora  Cunit x 500gr Refrigerado Bolsa x 500g (16 unidades),3.0,8900.0,4005.0
12512334,2022-07-13,Aceite Naoli x 3Lt Botella por 3 litros Unidad,2.0,22681.0,1360.86
12508660,2022-07-13,Maracuy치 Mixto Media Bolsa,1.0,6950.0,6255.0
12192253,2022-07-01,Muslo con Contra Muslo  Campollo x 1.5kg - 1.9kg Bolsa entre 1.5kg - 1.9kg (3 unidades) Desde 1 Bolsa,1.0,7400.0,710.4
12326588,2022-07-06,Tomate de 츼rbol Corriente Tama침o Mixto Kg,2.0,3500.0,700.0
12192253,2022-07-01,Huevos Rojos AA x 30 und Cart칩n x 30 un Cart칩n,1.0,15326.0,919.56
12263714,2022-07-04,Papa a la Francesa Ritchie x 2.5kg Congelado - Bolsa de 2.5kg Desde 1 Bolsa (2.5kg),2.0,14706.0,1176.48
12320714,2022-07-06,Leche Entera Santo Domingo 6und x 900 ml Paquete de 6 Bolsas 900ml c/u Desde 1 paquete,1.0,17731.0,886.55
12343508,2022-07-09,Arroz Naoli  25und x 500 gr Paquete 25 unidades x 500g Desde 2 unidades,2.0,43490.0,1739.6
12272155,2022-07-04,Muslo con Contra Muslo  Campollo x 1.5kg - 1.9kg Bolsa entre 1.5kg - 1.9kg (3 unidades) Desde 1 Bolsa,2.0,7400.0,1776.0
12266764,2022-07-04,Pollo Entero Sin Viceras  Campollo x 1.8kg y 2.2kg Congelado - Pollo Entero entre 1.8kg y 2.2kg Desde 3 Pollos,3.0,8180.0,3671.184
12230915,2022-07-06,Mojarra Roja Sin Escamas  La Veguita x 1kg Congelado - Bolsa 1kg (4 unidades de 250g aprox) Desde 1 Bolsa (1kg),1.0,12384.0,371.52
12152776,2022-07-02,Aceite Naoli x 3Lt Botella por 3 litros Unidad,2.0,21765.0,1305.9
12579082,2022-07-13,Papa Blanca Sucia Tama침o Mixto Kg,3.0,1496.0,628.32
12418789,2022-07-09,Papa a la Francesa Ritchie x 2.5kg Congelado - Bolsa de 2.5kg Desde 1 Bolsa (2.5kg),1.0,14589.0,14589.0
12246144,2022-07-05,Arroz Diana 25und x 500gr  Paquete 25 unidades x 500g Paquete,1.0,44900.0,1796.0
12224278,2022-07-02,Chuleta de Cerdo porcionada Calypso x 2kg  Congelado - Bolsa de 2kg Desde 1 Bolsa (2kg),1.0,23600.0,4248.0
12152776,2022-07-02,Contenedor J1 Darnel Paquete x 20 unidades Unidad,2.0,7200.0,576.0
12502272,2022-07-14,Az칰car en Bulto x 50kg  Bulto x 50kg Unidad,2.0,214276.0,12856.56
12599600,2022-07-14,Huevos Rojos AA x 30 und Cart칩n x 30 un Cart칩n,1.0,14800.0,888.0
12227720,2022-07-04,Arroz Naoli Bulto x 45kg Bulto x 45kg Desde 1 bulto,1.0,149500.0,8970.0
12307970,2022-07-04,Cebolla Cabezona Blanca Sin Pelar Grande Kg,1.0,2703.0,108.12
12465245,2022-07-09,Carne Molida Camaguey x 500gr Congelada Paquete 500g,3.0,8600.0,2064.0
12182294,2022-07-02,Pechuga con Hueso y Piel  Campollo x 2.7kg - 3.5kg Bolsa entre 2.7kg - 3.5kg (3 unidades) Desde 3 Bolsas,2.0,11900.0,5140.8
12217487,2022-07-04,Cebolla Cabezona Blanca Sin Pelar Grande Kg,1.0,2703.0,108.12
12224276,2022-07-02,Az칰car en Bulto x 50kg  Bulto x 50kg Unidad,1.0,206571.0,6197.13
12264493,2022-07-04,Pechuga con Hueso y Piel  Campollo x 2.7kg - 3.5kg Bolsa entre 2.7kg - 3.5kg (3 unidades) Desde 3 Bolsas,3.0,11900.0,8539.44
12263475,2022-07-04,Cebolla Cabezona Blanca Sin Pelar Mixta Kg,1.0,2627.0,105.08
12244158,2022-07-05,Cebolla Cabezona Blanca Sin Pelar Grande Kg,4.0,2703.0,432.48
12304340,2022-07-05,Huevos Rojos AA x 30 und Cart칩n x 30 un Cart칩n,2.0,15326.0,1839.12
12231596,2022-07-02,Pechuga con Hueso y Piel  Campollo x 2.7kg - 3.5kg Bolsa entre 2.7kg - 3.5kg (3 unidades) Desde 3 Bolsas,3.0,11900.0,8082.48
12470719,2022-07-11,Lechuga Batavia Peque침a Unidad,2.0,4378.0,525.36
12642607,2022-07-14,Huevos Rojos A x 30 und Cart칩n x 30 un Desde 6 cartones,12.0,14450.0,5202.0
12270342,2022-07-04,Pl치tano Verde Est치ndar Mediano Estandar Verde,1.0,2930.0,281.28
12214760,2022-07-04,Muslo con Contra Muslo  Campollo x 1.5kg - 1.9kg Bolsa entre 1.5kg - 1.9kg (3 unidades) Desde 1 Bolsa,2.0,7400.0,1776.0
12053077,2022-07-01,Cebolla Cabezona Blanca Sin Pelar Mixta Al por mayor,2.0,2700.0,1080.0
12548032,2022-07-12,Papa Blanca Sucia Tama침o Mixto Kg,4.0,1496.0,837.76
12456633,2022-07-11,Arroz Emperador Bulto 45kg Bulto 45kg Desde 2 unidades,5.0,146900.0,36725.0
12503418,2022-07-11,Carne Fina Para Asar  Camaguey. x 450 gr Refrigerado Bolsa x 450g,5.0,14600.0,10950.0
12395286,2022-07-11,Arroz Pinillar 25und x 500 gr Paquete 25 unidades x 500g Paquete,1.0,47490.0,3324.3
12406254,2022-07-11,Cebolla Cabezona Blanca Sin Pelar Grande Kg,1.0,2846.0,113.84
12520737,2022-07-12,Pechuga con Hueso y Piel Importada - Vianda Congelada Bolsa x 3kg,1.0,14300.0,4290.0
12466814,2022-07-12,Leche Entera Santo Domingo 6und x 900 ml Paquete de 6 Bolsas 900ml c/u Desde 1 paquete,1.0,17731.0,886.55
12218044,2022-07-04,Papa a la Francesa Mydibel Calypso x 2.5 Bolsa de 2.5 kg 1 Bolsa (2.5kg),5.0,15958.0,9574.8
12489368,2022-07-11,Servilleta Popular x 330 und Paquete x 330 un Desde 1 paquete,1.0,2941.0,235.28
12333430,2022-07-06,Huevos Rojos AA x 30 und Cart칩n x 30 un Cart칩n,3.0,14800.0,3996.0
12479608,2022-07-13,Tomate Chonto Maduro Est치ndar (Grande) Kg,1.0,3028.0,484.48
12477815,2022-07-13,Tomate Chonto Maduraci칩n Mixta Semi (Mediano) Kg,2.0,3028.0,908.4
12404200,2022-07-07,Lim칩n Pajarito Corriente Est치ndar Kg,4.0,3350.0,804.0
12278539,2022-07-05,Maracuy치 Mixto Kg,2.0,4510.0,811.8
12236284,2022-07-05,Salchicha Manguera Santa Cruz x 500gr Refrigerado - Bolsa de 500g (4 unidades de 125g c/u aprox) Desde 1 Bolsa (500g),3.0,3786.0,1703.7
12162559,2022-07-05,Tomate Chonto Maduro Est치ndar (Grande) Kg,2.0,4439.0,1420.48
12283851,2022-07-05,Huevos Rojos AA x 30 und Cart칩n x 30 un Cart칩n,3.0,14800.0,3996.0
12186227,2022-07-02,Cebolla Cabezona Blanca Sin Pelar Mixta Kg,4.0,2781.0,444.96
12239363,2022-07-06,Harina de trigo La Nieve 50kg Bulto x 50kg Unidad,1.0,158571.0,6342.84
12359568,2022-07-06,Tomate Chonto Pint칩n Est치ndar (Grande) Al por mayor,2.0,5400.0,6912.0
12584019,2022-07-15,Pl치tano Verde Est치ndar Mediano Estandar Verde,2.0,2783.0,1001.88
12225185,2022-07-04,Maracuy치 Mixto Kg,5.0,4510.0,676.5
12616374,2022-07-15,Pechuga x 1kg  Mercapollo Congelado Pechuga x 1kg,10.0,12950.0,6475.0
12173122,2022-07-02,Habichuela Est치ndar Kg - 游뱀 (Insuperable),1.0,7720.0,231.6
12358220,2022-07-06,Maracuy치 Mixto Kg,1.0,5750.0,345.0
12671496,2022-07-16,Pitillos Empacados Fresh x 100 und Paquete x 100 un 1 Paquete,1.0,1765.0,141.2
12437554,2022-07-12,Arroz Emperador Bulto 45kg Bulto 45kg Unidad,1.0,152900.0,6116.0
12622696,2022-07-15,Contenedor J1 Darnel Paquete x 200 unidades Paquete,1.0,63025.0,5042.0
12586275,2022-07-16,Pechuga con Hueso y Piel  Campollo x 2.7kg - 3.5kg Bolsa entre 2.7kg - 3.5kg (3 unidades) Desde 3 Bolsas,3.0,11900.0,7282.8
12638397,2022-07-16,Arroz Naoli x 3kg Bolsa de 3Kg Unidad,1.0,10890.0,435.6
12654504,2022-07-15,Aceite Naoli x 3Lt Botella por 3 litros Unidad,2.0,22681.0,1360.86
12673066,2022-07-15,Muslo con Contra Muslo Puro Pollo x 1.2kg  Congelado - Bolsa de 1.2kg (1 unidad de 1.2kg c/u aprox) Desde 3 Bolsas (3.6kg),5.0,8050.0,2415.0
12560121,2022-07-13,Pechuga x 1kg  Mercapollo Congelado Pechuga x 1kg,2.0,12950.0,1295.0
12597529,2022-07-13,Pechuga con Hueso y Piel  Campollo x 2.7kg - 3.5kg Bolsa entre 2.7kg - 3.5kg (3 unidades) Desde 3 Bolsas,3.0,11900.0,7497.0
12381886,2022-07-11,Mortadela de Jamon Santa Cruz x 500gr   Refrigerado - Bolsa de 500g Desde 1 Bolsa (500g),4.0,6664.0,3998.4
12514064,2022-07-12,Az칰car en Bulto x 50kg  Bulto x 50kg Unidad,1.0,214276.0,6428.28
12484314,2022-07-12,Crema lavaloza lim칩n Limpia Ya 450gr Empaque de 450gr Unidad,2.0,2263.0,543.12
12320714,2022-07-06,Cebolla Cabezona Blanca Sin Pelar Mixtas Al por mayor,1.0,2650.0,530.0
12312385,2022-07-06,Aceite Naoli x 3Lt Botella por 3 litros Unidad,1.0,22681.0,680.43
12269952,2022-07-06,Az칰car en Bulto x 50kg  Bulto x 50kg Unidad,1.0,203810.0,6114.3
12404352,2022-07-08,Cebolla Cabezona Blanca Sin Pelar Mixtas Al por mayor,2.0,2790.0,1116.0
12558485,2022-07-13,Arroz Naoli x 3kg Bolsa de 3Kg Unidad,1.0,10890.0,435.6
12256454,2022-07-07,Tomate Chonto Maduraci칩n Mixta Semi (Mediano) Kg (Tama침o 游),2.0,5356.0,428.48
12665951,2022-07-16,Muslo con Contra Muslo  Campollo x 1.5kg - 1.9kg Bolsa entre 1.5kg - 1.9kg (3 unidades) Desde 4 Bolsas,50.0,7500.0,36000.0
12706788,2022-07-13,Cebolla Cabezona Blanca Sin Pelar Mixta Al por mayor,4.0,2350.0,2820.0
12439160,2022-07-13,Muslo con Contra Muslo  Campollo x 1.5kg - 1.9kg Bolsa entre 1.5kg - 1.9kg (3 unidades) Desde 4 Bolsas,7.0,7200.0,7257.6
12256454,2022-07-07,Maracuy치 Mixto Kg,4.0,4510.0,541.2
12199479,2022-07-07,Arroz Diana 25und x 500gr  Paquete 25 unidades x 500g Paquete,1.0,44900.0,1796.0
12339765,2022-07-06,Pechuga con Hueso y Piel  Campollo x 2.7kg - 3.5kg Bolsa entre 2.7kg - 3.5kg (3 unidades) Desde 1 Bolsa,1.0,12200.0,3416.0
12319143,2022-07-07,Papa a la Francesa Ritchie x 2.5kg Congelado - Bolsa de 2.5kg Desde 1 Bolsa (2.5kg),1.0,14706.0,14706.0
12406152,2022-07-07,Tenedor Fresh x 100 und  Paquete x 100 un Paquete,3.0,4090.0,981.6
12391931,2022-07-07,Tenedor TUC x 100 und Paquete x 100 unidades Paquete,1.0,5042.0,403.36
12308130,2022-07-07,Huevos Rojos AA x 30 und Cart칩n x 30 un Cart칩n,2.0,14800.0,1776.0
12358062,2022-07-07,Queso tipo Mozzarella Suiza tajado x 2500 gr tajado x 2500 gr Unidad,1.0,46591.0,6988.65
12353435,2022-07-07,Arroz Naoli x 3kg Bolsa de 3Kg Unidad,1.0,10890.0,653.4
12551738,2022-07-14,Gaseosa Coca Cola pet 12und x 400 ml Paca x12 unidades de 400ml c/u Desde 3 pacas,10.0,20000.0,20000.0
12309367,2022-07-09,Aceite Naoli x 3Lt Botella por 3 litros Unidad,1.0,22681.0,680.43
12285389,2022-07-07,Aceite Naoli x 20Lt Bid칩n por 20 litros Unidad,1.0,146639.0,8798.34
12348073,2022-07-07,Tomate de 츼rbol Corriente Tama침o Mixto Kg,1.0,3500.0,350.0
12319630,2022-07-06,Tomate Chonto Pint칩n Est치ndar (Grande) Kg (Tama침o 游),3.0,7020.0,842.4
12583581,2022-07-14,Maracuy치 Mixto Kg,4.0,4900.0,1470.0
12586057,2022-07-14,Yuca Tama침o Mixto Kg,2.0,2961.0,2487.24
12320714,2022-07-06,Detergente multiusos en polvo con Bicarbonato Ultrex x 1000gr Bolsa x 1 kg Bolsa,2.0,4958.0,793.28
12324382,2022-07-06,Cebolla Cabezona Blanca Sin Pelar Mixta Kg,3.0,2627.0,315.24
12701285,2022-07-18,Harina de trigo La Nieve 50kg Bulto x 50kg Desde 2 bultos,5.0,162857.0,32571.4
12373254,2022-07-07,Cebolla Cabezona Blanca Sin Pelar Grande Kg,1.0,2846.0,113.84
12367077,2022-07-07,Az칰car en Bulto x 50kg  Bulto x 50kg Unidad,1.0,205714.0,6171.42
12243477,2022-07-07,Ajo Estandar Caja,1.0,56830.0,1704.9
12432491,2022-07-08,Carne Molida Especial de Res 2kg Refrigerado - Bolsa 2kg Desde 1 Bolsa (2kg),1.0,20000.0,2000.0
12392720,2022-07-07,Muslo con Contra Muslo  Campollo x 1.5kg - 1.9kg Bolsa entre 1.5kg - 1.9kg (3 unidades) Desde 1 Bolsa,1.0,7400.0,1887.0
12392495,2022-07-07,Pechuga con Hueso y Piel  Campollo x 2.7kg - 3.5kg Bolsa entre 2.7kg - 3.5kg (3 unidades) Desde 3 Bolsas,3.0,11900.0,8196.72
12606387,2022-07-18,Arroz Pinillar 25und x 500 gr Paquete 25 unidades x 500g Desde 2 unidades,2.0,46990.0,6578.6
12395552,2022-07-07,Gaseosa Coca Cola pet 12und x 400 ml Paca x12 unidades de 400ml c/u Desde 1 Paca,1.0,20168.0,1008.4
12335156,2022-07-08,Cebolla Cabezona Blanca Sin Pelar Mixta Kg,2.0,2771.0,221.68
12606691,2022-07-14,Carne Molida Camaguey x 500gr Congelada Paquete 500g,2.0,8600.0,1032.0
12381235,2022-07-08,Harina de trigo La Nieve 50kg Bulto x 50kg Unidad,1.0,166190.0,6647.6
12157050,2022-07-02,Carne Sudar de Res Relajada 2kg Refrigerado - Bolsa 2kg Desde 1 Bolsa (2kg),1.0,27000.0,18900.0
12104343,2022-07-01,Arroz Naoli Bulto x 45kg Bulto x 45kg Desde 1 bulto,1.0,149500.0,8970.0
12778209,2022-07-19,Arroz Diana 25und x 500gr  Paquete 25 unidades x 500g Desde 4 unidades,4.0,43490.0,6958.4
12432239,2022-07-08,Huevos Rojos AA x 30 und Cart칩n x 30 un Cart칩n,1.0,14800.0,888.0
12200375,2022-07-02,Aceite Naoli x 20Lt Bid칩n por 20 litros Unidad,2.0,146639.0,20529.46
12371379,2022-07-08,Lechuga Batavia Estandar Unidad x Canastilla,2.0,3530.0,5083.2
12751346,2022-07-19,Contenedor J1 Darnel Paquete x 20 unidades Unidad,1.0,7200.0,576.0
12432271,2022-07-08,Detergente multiusos en polvo con Bicarbonato Ultrex x 1000gr Bolsa x 1 kg Bolsa,1.0,4958.0,396.64
12397295,2022-07-08,Harina de Trigo la Insuperable 50kg Bulto x 50kg Desde 2 bultos,2.0,169048.0,20285.76
12340848,2022-07-08,Chuleta de Cerdo porcionada Calypso x 2kg  Congelado - Bolsa de 2kg Desde 4 Bolsas (8kg),15.0,21500.0,58050.0
12284632,2022-07-08,Az칰car en Bulto x 50kg  Bulto x 50kg Unidad,1.0,203810.0,6114.3
12070315,2022-07-01,Aceite Naoli x 3Lt Botella por 3 litros Unidad,3.0,21765.0,1958.85
12475280,2022-07-09,Uva Isabelina Estandar Bandeja 500g,1.0,5000.0,150.0
12661930,2022-07-15,Vaso transparente 7 Oz WAU x 50 und Paquete x 50 un Paquete,1.0,1996.0,159.68
12646258,2022-07-15,Gaseosa Manzana Postobon x 1.5Lt Botella x 1500 ml Desde 1 botella,1.0,2521.0,201.68
12200165,2022-07-02,Gaseosa Coca Cola pet 12und x 1.5 Lt Paca x 12 Unidades de 1.5 Lts c/u Desde 3 pacas,3.0,43277.0,6491.55
12583191,2022-07-15,Pechuga x 1kg  Mercapollo Congelado M치s de 8 Pechugas x 1kg,8.0,12650.0,5060.0
12347262,2022-07-07,Gaseosa Coca Cola pet 12und x 400 ml Paca x12 unidades de 400ml c/u Desde 3 pacas,3.0,20000.0,3600.0
12272375,2022-07-07,Servilletas cortadas Nube 320 und Paquete x 320 unidades Unidad,1.0,2923.0,233.84
12707103,2022-07-16,Cebolla Cabezona Blanca Sin Pelar Grande Kg,1.0,2295.0,344.25
12743759,2022-07-19,Tomate Chonto Maduro Est치ndar (Grande) Kg,1.0,3028.0,484.48
12614042,2022-07-15,Lechuga Batavia Peque침a Unidad,20.0,4240.0,8480.0
12464922,2022-07-09,Az칰car en Bulto x 50kg  Bulto x 50kg Unidad,1.0,205714.0,6171.42
12252852,2022-07-08,Arroz Naoli x 3kg Bolsa de 3Kg Unidad,2.0,10890.0,1306.8
12193196,2022-07-02,Papa a la Francesa Ritchie x 2.5kg Congelado - Bolsa de 2.5kg Desde 1 Bolsa (2.5kg),7.0,13821.0,1105.68
12533633,2022-07-13,Pechuga con Hueso y Piel  Campollo x 2.7kg - 3.5kg Bolsa entre 2.7kg - 3.5kg (3 unidades) Desde 3 Bolsas,3.0,11900.0,7497.0
12353331,2022-07-06,Aceite Naoli x 3Lt Botella por 3 litros Unidad,1.0,22681.0,680.43
12673025,2022-07-15,Palillos extra largo sandwich/BBQ Festival  caja x 120 und Paquete x 35 gr Desde 1 caja,1.0,1092.0,109.2
12224860,2022-07-02,Arroz Diana 25und x 500gr  Paquete 25 unidades x 500g Desde 2 unidades,2.0,44450.0,3556.0
12489994,2022-07-11,Tomate Chonto Maduro Est치ndar (Grande) Kg,1.0,4244.0,679.04
12548563,2022-07-12,Mortadela de Jamon Santa Cruz x 500gr   Refrigerado - Bolsa de 500g Desde 1 Bolsa (500g),2.0,6664.0,1999.2
12705707,2022-07-16,Aceite Naoli x 3Lt Botella por 3 litros Unidad,1.0,22681.0,680.43
12833173,2022-07-20,Pechuga con Hueso y Piel  Campollo x 2.7kg - 3.5kg Bolsa entre 2.7kg - 3.5kg (3 unidades) Desde 1 Bolsa,1.0,12000.0,2808.0
12620120,2022-07-16,Frijol Zaragoza Naoli de 500gr Bolsa de 500gr Unidad,1.0,4050.0,364.5
12444053,2022-07-08,Tomate Chonto Maduro Est치ndar (Grande) Al por mayor,1.0,3920.0,2195.2
12353795,2022-07-08,Blanqueador Moppy x 2000 ml Botella x 2000 ml Desde 1 botella,1.0,2479.0,247.9
12378801,2022-07-07,Aceite Naoli x 3Lt Botella por 3 litros Unidad,1.0,22681.0,680.43
12496100,2022-07-13,Huevos Rojos AA x 30 und Cart칩n x 30 un Cart칩n,1.0,14800.0,888.0
12379621,2022-07-08,Arroz Emperador Bulto 45kg Bulto 45kg Unidad,1.0,147900.0,7395.0
12170650,2022-07-02,Contenedor J1 Darnel Paquete x 20 unidades Unidad,2.0,7200.0,576.0
12448222,2022-07-09,Pechuga con Hueso y Piel  Campollo x 2.7kg - 3.5kg Bolsa entre 2.7kg - 3.5kg (3 unidades) Desde 1 Bolsa,1.0,12200.0,3416.0
12326485,2022-07-06,Az칰car en Bulto x 50kg  Bulto x 50kg Unidad,1.0,203810.0,6114.3
12270208,2022-07-04,Leche Entera Santo Domingo 6und x 900 ml Paquete de 6 Bolsas 900ml c/u Desde 4 paquetes,6.0,17333.0,5199.9
12707700,2022-07-16,Papa R-12 Lavada Estandar Kg,3.0,4376.0,1969.2
12641477,2022-07-15,Maracuy치 Mixto Kg,1.0,6950.0,417.0
12832910,2022-07-20,Pollo Entero Sin Viceras  Campollo x 1.8kg y 2.2kg Congelado - Pollo Entero entre 1.8kg y 2.2kg Desde 3 Pollos,5.0,8300.0,4432.2
12744184,2022-07-18,Servilletas cortadas Mia x 200 und  Paquete x 200 unidades Unidad,1.0,1975.0,158.0
12524168,2022-07-11,Ajo Estandar Caja,1.0,64000.0,1920.0
12539540,2022-07-12,Az칰car en Bulto x 50kg  Bulto x 50kg Unidad,1.0,214276.0,6428.28
12362653,2022-07-07,Aceite Naoli x 3Lt Botella por 3 litros Unidad,5.0,22681.0,3402.15
12365732,2022-07-07,Aceite Naoli x 3Lt Botella por 3 litros Unidad,1.0,22681.0,1360.86
12411051,2022-07-11,Bolsa manigueta blanca 3 Kg x 100 und Paquete x 100 un Desde 1 paquete,1.0,2400.0,192.0
12368429,2022-07-07,Arroz Diana 25und x 500gr  Paquete 25 unidades x 500g Desde 2 unidades,2.0,44450.0,3556.0
12677232,2022-07-15,Aceite Naoli x 3Lt Botella por 3 litros Unidad,1.0,22681.0,680.43
12672989,2022-07-15,Aceite Naoli x 3Lt Botella por 3 litros Unidad,2.0,22681.0,1360.86
12705719,2022-07-16,Huevos Rojos AA x 30 und Cart칩n x 30 un Cart칩n,1.0,14800.0,888.0
12676160,2022-07-16,Tomate de 츼rbol Est치ndar Kg - 游뱀 (Insuperable),1.0,7150.0,2145.0
12397221,2022-07-08,Arroz Naoli  25und x 500 gr Paquete 25 unidades x 500g Desde 2 unidades,2.0,43490.0,1739.6
12346725,2022-07-11,Pechuga con Hueso y Piel  Campollo x 2.7kg - 3.5kg Bolsa entre 2.7kg - 3.5kg (3 unidades) Desde 1 Bolsa,1.0,12200.0,3416.0
12631705,2022-07-16,Tomate de 츼rbol Corriente Tama침o Mixto Kg,1.0,6180.0,618.0
12868544,2022-07-21,Muslo con Contra Muslo  Campollo x 1.5kg - 1.9kg Bolsa entre 1.5kg - 1.9kg (3 unidades) Desde 4 Bolsas,5.0,7500.0,3600.0
12807105,2022-07-20,Pasta spaguetti  la mu침eca x 1000gr  Bolsa x 1000g Desde 1 bolsa,1.0,4704.0,470.4
12412975,2022-07-09,Lim칩n Pajarito Est치ndar Libra (Tama침o 游),2.0,4836.0,967.2
12354415,2022-07-09,Az칰car en Bulto x 50kg  Bulto x 50kg Unidad,1.0,212371.0,6371.13
12463658,2022-07-09,Lechuga Batavia Estandar Unidad,2.0,4326.0,519.12
12476734,2022-07-11,Papa a la Francesa Ritchie x 2.5kg Congelado - Bolsa de 2.5kg Desde 1 Bolsa (2.5kg),1.0,14589.0,583.56
12765927,2022-07-21,Aceite Naoli x 3Lt Botella por 3 litros Unidad,1.0,22681.0,680.43
12467347,2022-07-09,Pollo Entero Sin Viceras  Campollo x 1.8kg y 2.2kg Congelado - Pollo Entero entre 1.8kg y 2.2kg Desde 3 Pollos,10.0,8700.0,12180.0
12833480,2022-07-21,"Arroz Naoli Bulto x 22,5Kg Bulto x 22,5kg Desde 1 bulto",1.0,75990.0,3039.6
12464734,2022-07-09,Cebolla Cabezona Blanca Sin Pelar Grande Kg,4.0,2846.0,455.36
12760038,2022-07-21,Leche en Polvo ProLeche Bolsa x 900gr Bolsa x 900g Desde 1 bolsa,10.0,23145.0,23145.0
12548232,2022-07-12,Cebolla Cabezona Blanca Sin Pelar Mixta Kg,2.0,2421.0,290.52
12525719,2022-07-16,Harina de trigo La Nieve 50kg Bulto x 50kg Unidad,1.0,163333.0,6533.32
12889495,2022-07-21,Arroz Pinillar 25und x 500 gr Paquete 25 unidades x 500g Paquete,1.0,47490.0,3324.3
12636243,2022-07-16,Arroz Emperador Bulto 45kg Bulto 45kg Unidad,1.0,151900.0,6076.0
12412622,2022-07-11,Arroz Naoli x 3kg Bolsa de 3Kg Unidad,4.0,10890.0,2613.6
12875437,2022-07-21,Arroz Diana 25und x 500gr  Paquete 25 unidades x 500g Desde 2 unidades,2.0,43690.0,3495.2
12910017,2022-07-22,Lim칩n Pajarito Corriente Est치ndar Kg,2.0,3530.0,423.6
12431993,2022-07-11,Cebolla Cabezona Blanca Sin Pelar Mixta Kg,2.0,2678.0,321.36
12774696,2022-07-22,Arroz Emperador Bulto 45kg Bulto 45kg Desde 2 unidades,2.0,150900.0,12072.0
12860297,2022-07-22,Guayaba Maduraci칩n Mixta Kg - 游뱀 (Insuperable),2.0,5080.0,1524.0
12772443,2022-07-19,Muslo con Contra Muslo  Campollo x 1.5kg - 1.9kg Bolsa entre 1.5kg - 1.9kg (3 unidades) Desde 4 Bolsas,4.0,7500.0,2880.0
12749459,2022-07-19,Pechuga con Hueso y Piel  Campollo x 2.7kg - 3.5kg Bolsa entre 2.7kg - 3.5kg (3 unidades) Desde 3 Bolsas,3.0,11700.0,8424.0
12734294,2022-07-19,Arroz Emperador Bulto 45kg Bulto 45kg Desde 2 unidades,6.0,150900.0,36216.0
12817316,2022-07-22,Tomate Chonto Verde Mixto Kg,1.0,3500.0,875.0
12756173,2022-07-19,Manzana Roja Estandar Kg,2.0,12209.0,1465.08
12744288,2022-07-18,Muslo con Contra Muslo  Campollo x 1.5kg - 1.9kg Bolsa entre 1.5kg - 1.9kg (3 unidades) Desde 1 Bolsa,1.0,7700.0,1617.0
12874694,2022-07-22,Cebolla Roja Mixta Mixta Kg,1.0,4202.0,1050.5
12897394,2022-07-23,Tomate Chonto Maduraci칩n Mixta Semi (Mediano) Kg,3.0,2421.0,581.04
12909377,2022-07-22,Gaseosa Colombiana x 1.5Lt Botella x 1500 ml Desde 6 botellas,6.0,2479.0,1487.4
12465125,2022-07-12,Arroz Naoli x 3kg Bolsa de 3Kg Unidad,1.0,10890.0,653.4
12924089,2022-07-22,Pechuga con Hueso y Piel  Campollo x 2.7kg - 3.5kg Bolsa entre 2.7kg - 3.5kg (3 unidades) Desde 1 Bolsa,1.0,12000.0,2520.0
12774539,2022-07-22,Leche Entera Santo Domingo 6und x 900 ml Paquete de 6 Bolsas 900ml c/u Desde 1 paquete,1.0,17731.0,709.24
12592660,2022-07-13,Pechuga con Hueso y Piel  Campollo x 2.7kg - 3.5kg Bolsa entre 2.7kg - 3.5kg (3 unidades) Desde 1 Bolsa,1.0,12200.0,2562.0
12769853,2022-07-22,Muslo con Contra Muslo  Campollo x 1.5kg - 1.9kg Bolsa entre 1.5kg - 1.9kg (3 unidades) Desde 1 Bolsa,1.0,7300.0,700.8
12725355,2022-07-19,Papa Blanca Sucia Tama침o Mixto Kg,3.0,1210.0,508.2
12752943,2022-07-19,Huevos Rojos A x 30 und Cart칩n x 30 un Desde 6 cartones,6.0,14450.0,5202.0
12592044,2022-07-13,Cebolla Cabezona Blanca Sin Pelar Mixta Al por mayor,1.0,2350.0,2115.0
12530219,2022-07-12,Maracuy치 Mixto Kg,2.0,4900.0,294.0
12607158,2022-07-14,Cebolla Cabezona Blanca Sin Pelar Mixta Kg,1.0,2421.0,435.78
12549807,2022-07-13,Az칰car en Bulto x 50kg  Bulto x 50kg Unidad,2.0,214276.0,12856.56
12560684,2022-07-13,Mojarra Roja Sin Escamas  La Veguita x 1kg Congelado - Bolsa 1kg (4 unidades de 250g aprox) Desde 1 Bolsa (1kg),1.0,12384.0,371.52
12574756,2022-07-13,Az칰car en Bulto x 50kg  Bulto x 50kg Unidad,5.0,214276.0,19284.84
12755845,2022-07-19,Ceboll칤n Limpio Atado Unidad,1.0,2318.0,417.24
12431533,2022-07-08,Tomate Chonto Extramaduro Mixto Kg,3.0,3500.0,3150.0
12928325,2022-07-23,Tomate Chonto Maduro Est치ndar (Grande) Kg,6.0,2627.0,4728.6
12373155,2022-07-08,Vaso transparente 7 Oz Vacan x 50 und Paquete x 50 un Paquete,1.0,1853.0,148.24
12400447,2022-07-08,Gaseosa Coca Cola pet 12und x 400 ml Paca x12 unidades de 400ml c/u Desde 1 Paca,2.0,20168.0,2016.8
12587194,2022-07-15,Tomate Chonto Maduro Est치ndar (Grande) Kg,1.0,3028.0,484.48
12805685,2022-07-19,Butifarra  Cunit x 1.5 kg Refrigerado Bolsa x 1.5kg (48 unidades/31g c/u),6.0,25247.0,12118.56
12318222,2022-07-09,Arroz Emperador Bulto 45kg Bulto 45kg Desde 2 unidades,2.0,146900.0,14690.0
12384117,2022-07-09,Aj칤 Topito Est치ndar Kg,1.0,14660.0,1466.0
12451413,2022-07-13,Milanesa de Cerdo Santa Cruz x 500gr Refrigerado - Bolsa 0.5 kg 1 Bolsa (0.5kg),1.0,18600.0,930.0
12425650,2022-07-09,Aceite Naoli x 3Lt Botella por 3 litros Unidad,2.0,22681.0,1360.86
12673026,2022-07-15,Huevos Rojos AA x 30 und Cart칩n x 30 un Cart칩n,1.0,14800.0,888.0
12619998,2022-07-14,Aceite Naoli x 20Lt Bid칩n por 20 litros Unidad,5.0,146639.0,29327.8
12833170,2022-07-20,Pechuga con Hueso y Piel  Campollo x 2.7kg - 3.5kg Bolsa entre 2.7kg - 3.5kg (3 unidades) Desde 3 Bolsas,3.0,11700.0,7307.82
12820388,2022-07-20,Maracuy치 Mixto Kg,10.0,4700.0,3525.0
12511459,2022-07-14,Az칰car en Bulto x 50kg  Bulto x 50kg Unidad,1.0,214276.0,6428.28
12585592,2022-07-14,Muslo con Contra Muslo Puro Pollo x 1.2kg  Congelado - Bolsa de 1.2kg (1 unidad de 1.2kg c/u aprox) Desde 3 Bolsas (3.6kg),3.0,8050.0,1738.8
12400132,2022-07-09,Arroz Naoli x 3kg Bolsa de 3Kg Unidad,1.0,10890.0,435.6
12801940,2022-07-19,Pollo Entero Sin Viceras  Campollo x 1.8kg y 2.2kg Congelado - Pollo Entero entre 1.8kg y 2.2kg Desde 3 Pollos,12.0,8700.0,12528.0
12466042,2022-07-09,Muslo con Contra Muslo  Campollo x 1.5kg - 1.9kg Bolsa entre 1.5kg - 1.9kg (3 unidades) Desde 4 Bolsas,5.0,7200.0,4608.0
12592057,2022-07-13,Blanqueador Vigor x 10L Garrafa x 10 L Garrafa,1.0,14882.0,1488.2
12815114,2022-07-20,Arroz Diana 25und x 500gr  Paquete 25 unidades x 500g Desde 2 unidades,2.0,43690.0,3495.2
12337547,2022-07-09,Lechuga Batavia Estandar Unidad x Canastilla,1.0,3530.0,2541.6
12466532,2022-07-09,Pollo Entero Sin Viceras  Campollo x 1.8kg y 2.2kg Congelado - Pollo Entero entre 1.8kg y 2.2kg Desde 3 Pollos,50.0,8180.0,61840.8
12591968,2022-07-13,Muslo con Contra Muslo  Campollo x 1.5kg - 1.9kg Bolsa entre 1.5kg - 1.9kg (3 unidades) Desde 1 Bolsa,3.0,7700.0,2079.0
12621338,2022-07-14,Papa a la Francesa Ritchie x 2.5kg Congelado - Bolsa de 2.5kg Desde 1 Bolsa (2.5kg),2.0,15447.0,1235.76
12445655,2022-07-09,Bolsa de basura negra corriente 60x85 cm Paquete x 10 un Paquete,1.0,1881.0,150.48
12766457,2022-07-20,Carne Molida Camaguey x 500gr Congelada Paquete 500g,4.0,8600.0,1548.0
12706813,2022-07-18,Habichuela Est치ndar Kg - 游뱀 (Insuperable),1.0,9510.0,285.3
12450257,2022-07-12,Cebolla Cabezona Blanca Sin Pelar Mixta Kg,1.0,2421.0,145.26
12194992,2022-07-04,Aceite Naoli x 3Lt Botella por 3 litros Unidad,3.0,22681.0,2041.29
12637395,2022-07-15,Az칰car en Bulto x 50kg  Bulto x 50kg Unidad,1.0,217610.0,6528.3
12514649,2022-07-11,Tomate Chonto Pint칩n Est치ndar (Grande) Kg,1.0,6046.0,967.36
12240011,2022-07-04,Gaseosa Coca Cola pet 12und x 1.5 Lt Paca x 12 Unidades de 1.5 Lts c/u Desde 3 pacas,3.0,43193.0,6478.95
12181860,2022-07-04,Gaseosa Coca Cola pet 12und x 1.5 Lt Paca x 12 Unidades de 1.5 Lts c/u Desde 3 pacas,3.0,43277.0,6491.55
12910029,2022-07-22,Harina de trigo La Nieve 50kg Bulto x 50kg Unidad,1.0,161286.0,6451.44
12960890,2022-07-25,Cebolla Cabezona Blanca Sin Pelar Mixta Al por mayor,1.0,3330.0,999.0
12909053,2022-07-23,Zanahoria Mixta Kg,3.0,2468.0,1110.6
12670331,2022-07-19,Arroz Naoli  25und x 500 gr Paquete 25 unidades x 500g Desde 4 unidades,4.0,42900.0,3432.0
12530881,2022-07-13,Az칰car en Bulto x 50kg  Bulto x 50kg Unidad,1.0,214276.0,10713.8
12534667,2022-07-12,Az칰car en Bulto x 50kg  Bulto x 50kg Unidad,1.0,214276.0,6428.28
12676311,2022-07-16,Aceite Naoli x 3Lt Botella por 3 litros Unidad,1.0,22681.0,680.43
12706173,2022-07-16,Cebolla Cabezona Blanca Sin Pelar Mixta Kg,3.0,2421.0,435.78
12812930,2022-07-22,Muslo con Contra Muslo  Campollo x 1.5kg - 1.9kg Bolsa entre 1.5kg - 1.9kg (3 unidades) Desde 1 Bolsa,5.0,7300.0,3504.0
12944086,2022-07-25,Muslo con Contra Muslo  Campollo x 1.5kg - 1.9kg Bolsa entre 1.5kg - 1.9kg (3 unidades) Desde 4 Bolsas,7.0,7200.0,4838.4
12613910,2022-07-14,Harina de Trigo la Insuperable 50kg Bulto x 50kg Unidad,1.0,167143.0,10028.58
12446761,2022-07-09,Arroz Emperador Bulto 45kg Bulto 45kg Desde 2 unidades,2.0,146900.0,14690.0
12649628,2022-07-14,Aceite Naoli x 3Lt Botella por 3 litros Unidad,3.0,22681.0,2041.29
12596004,2022-07-14,Guayaba de Segunda Mixta Kg,2.0,3500.0,350.0
12868500,2022-07-21,Pl치tano Verde Est치ndar Mediano Peque침o Verde,1.0,3770.0,1628.64
12547229,2022-07-13,Pechuga con Hueso y Piel  Campollo x 2.7kg - 3.5kg Bolsa entre 2.7kg - 3.5kg (3 unidades) Desde 3 Bolsas,3.0,11900.0,7497.0
12515627,2022-07-13,Huevos Rojos A x 30 und Cart칩n x 30 un Desde 3 cartones,5.0,14600.0,4380.0
12680311,2022-07-15,Gaseosa Manzana Postobon x 1.5Lt Botella x 1500 ml Desde 1 botella,1.0,2521.0,201.68
12632861,2022-07-14,Maracuy치 Mixto Kg,2.0,4900.0,294.0
12734464,2022-07-20,Pl치tano Verde Est치ndar Mediano Extra Maduro,1.0,4050.0,729.0
12958562,2022-07-25,Pechuga con Hueso y Piel  Campollo x 2.7kg - 3.5kg Bolsa entre 2.7kg - 3.5kg (3 unidades) Desde 3 Bolsas,3.0,11700.0,7371.0
12829337,2022-07-22,Huevos Rojos AA x 30 und Cart칩n x 30 un Cart칩n,12.0,14800.0,15984.0
12696761,2022-07-20,Contenedor J1 Darnel Paquete x 200 unidades Paquete,1.0,63025.0,5042.0
12673274,2022-07-20,Arroz Emperador Bulto 45kg Bulto 45kg Unidad,2.0,151900.0,12152.0
12981348,2022-07-25,Tomate Chonto Maduraci칩n Mixta Semi (Mediano) Kg,2.0,2421.0,387.36
12793406,2022-07-20,Guantes Trabajo Pesado Eterna Talla 8 Un par,3.0,3747.0,1124.1
12584048,2022-07-14,Vaso transparente 7 Oz Vacan x 50 und Paquete x 50 un Desde 3 paquetes,5.0,1764.0,705.6
12632619,2022-07-14,Contenedor J1 Darnel Paquete x 200 unidades Paquete,1.0,63025.0,5042.0
12632832,2022-07-14,Lechuga Batavia Peque침a Unidad,3.0,4240.0,1272.0
12498838,2022-07-14,Maracuy치 Mixto Kg,4.0,4900.0,588.0
12886287,2022-07-21,"Arroz Naoli Bulto x 22,5Kg Bulto x 22,5kg Desde 1 bulto",1.0,75990.0,3039.6
12497686,2022-07-14,Bolsa manigueta blanca 5 Kg x 100 und Paquete x 100 un Desde 3 paquetes,3.0,3234.0,776.16
12624486,2022-07-14,Tomate Chonto Maduro Est치ndar (Grande) Kg,1.0,3028.0,484.48
13031896,2022-07-26,Yuca Tama침o Mixto Kg,1.0,2750.0,660.0
12632792,2022-07-14,Ahuyama Est치ndar Kg - 游뱀 (Insuperable),3.0,3028.0,908.4
12632657,2022-07-14,Aceite Naoli x 3Lt Botella por 3 litros Unidad,1.0,22681.0,680.43
12634138,2022-07-14,Pechuga x Puro Pollo x 1kg Congelado M치s de 8 Pechugas x 1kg,8.0,12200.0,17421.6
12598820,2022-07-14,Cebolla Cabezona Blanca Sin Pelar Mixta Kg,1.0,2421.0,145.26
12673131,2022-07-15,Aceite Naoli x 20Lt Bid칩n por 20 litros Unidad,2.0,146639.0,11731.12
12921203,2022-07-23,Palillos extra largo sandwich/BBQ Festival  caja x 120 und Paquete x 35 gr Desde 1 caja,1.0,1046.0,104.6
12937771,2022-07-26,Tomate Chonto Maduro Est치ndar (Grande) Kg,2.0,2627.0,1576.2
12681654,2022-07-15,Pollo Entero Sin Viceras  Campollo x 1.8kg y 2.2kg Congelado - Pollo Entero entre 1.8kg y 2.2kg Desde 3 Pollos,3.0,8700.0,2928.42
12763273,2022-07-20,Mojarra Roja Sin Escamas  La Veguita x 1kg Congelado - Bolsa 1kg (4 unidades de 250g aprox) Desde 1 Bolsa (1kg),8.0,12831.0,3079.44
12674555,2022-07-15,Papa Blanca Sucia Tama침o Mixto Kg,3.0,1496.0,628.32
13061100,2022-07-26,Pechuga con Hueso y Piel  Campollo x 2.7kg - 3.5kg Bolsa entre 2.7kg - 3.5kg (3 unidades) Desde 3 Bolsas,3.0,11700.0,7371.0
12637865,2022-07-14,Pasta fideo la mu침eca x 500gr Bolsa x 500g Desde 1 bolsa,6.0,2729.0,1637.4
12632635,2022-07-14,Queso tipo Mozzarella Suiza tajado x 500 gr Tajado x 500 gr Unidad,1.0,9318.0,1397.7
12591534,2022-07-13,Pechuga x Puro Pollo x 1kg Congelado M치s de 8 Pechugas x 1kg,11.0,12200.0,7984.9
12797988,2022-07-21,Lavaloza en crema lim칩n Dessin x 500gr 500 gr Unidad,1.0,2249.0,269.88
12761145,2022-07-16,Tomate Chonto Maduro Est치ndar (Grande) Al por mayor,1.0,2940.0,1881.6
12867698,2022-07-21,Gaseosa Coca Cola pet 12und x 400 ml Paca x12 unidades de 400ml c/u Desde 1 Paca,1.0,20168.0,1008.4
12622696,2022-07-15,Huevos Rojos AA x 30 und Cart칩n x 30 un Cart칩n,2.0,14800.0,1776.0
12623899,2022-07-15,Aceite Naoli x 20Lt Bid칩n por 20 litros Unidad,1.0,146639.0,5865.56
13021703,2022-07-27,Huevos Rojos A x 30 und Cart칩n x 30 un Cart칩n,1.0,15300.0,1377.0
12690944,2022-07-16,Tomate de 츼rbol Corriente Tama침o Mixto Kg,1.0,6180.0,3708.0
12979578,2022-07-25,Muslo con Contra Muslo  Campollo x 1.5kg - 1.9kg Bolsa entre 1.5kg - 1.9kg (3 unidades) Desde 4 Bolsas,10.0,7200.0,6868.8
12450257,2022-07-12,Muslo con Contra Muslo Mercapollo x 500gr  Congelado Muslo x 500g,4.0,7900.0,790.0
12920809,2022-07-22,Pechuga con Hueso y Piel  Campollo x 2.7kg - 3.5kg Bolsa entre 2.7kg - 3.5kg (3 unidades) Desde 1 Bolsa,1.0,12000.0,2520.0
12445908,2022-07-11,Arroz Emperador Bulto 45kg Bulto 45kg Desde 2 unidades,8.0,146900.0,58760.0
12886287,2022-07-21,Tenedor Fresh x 100 und  Paquete x 100 un Paquete,1.0,4244.0,339.52
12600348,2022-07-14,Lechuga Batavia Peque침a Unidad,1.0,4240.0,424.0
12584833,2022-07-14,Sirloin Deshuesado de Cerdo - Vianda. Congelado - Bolsa de 3kg Desde 1 Bolsa (3kg),1.0,14900.0,8046.0
12633421,2022-07-16,Pasta fideo  la mu침eca x 250gr Bolsa x 250g Desde 1 bolsa,1.0,1730.0,173.0
12889493,2022-07-21,Aceite Naoli x 3Lt Botella por 3 litros Unidad,3.0,22681.0,2041.29
12596053,2022-07-14,Pi침a Segunda Est치ndar Unidad,1.0,3640.0,655.2
12572289,2022-07-15,Carne Molida Camaguey x 500gr Congelada Paquete 500g,3.0,8600.0,1548.0
12622696,2022-07-15,Gaseosa Manzana Postobon x 1.5Lt Botella x 1500 ml Desde 6 botellas,6.0,2479.0,1189.92
12789747,2022-07-21,Arroz Emperador Bulto 45kg Bulto 45kg Desde 2 unidades,3.0,150900.0,18108.0
12554752,2022-07-12,Tomate Chonto Maduro Est치ndar (Grande) Kg (Tama침o 游),4.0,5356.0,856.96
12609060,2022-07-16,Huevos Rojos A x 30 und Cart칩n x 30 un Desde 6 cartones,6.0,14450.0,5202.0
12672982,2022-07-15,Pechuga x Puro Pollo x 1kg Congelado Pechuga x 1kg,2.0,12500.0,1500.0
12678728,2022-07-16,Bolsa manigueta blanca 10Kg x 100 und Paquete x 100 un Desde 1 paquete,1.0,4303.0,344.24
12660474,2022-07-16,Harina de trigo Elite Hojaldre 3 castillos x 50 kg Bulto x 50kg Unidad,1.0,198476.0,7939.04
12497639,2022-07-14,Limpiador multiusos desinfectante Lavanda LimpiaYa x 500ml Botella x 500ml Unidad,1.0,1485.0,148.5
12772335,2022-07-19,Apio Est치ndar Atado,1.0,1960.0,294.0
12811884,2022-07-19,Plato pl치stico 26 cm Tami x 20 und Paquete x 20 un Desde 1 paquete,2.0,9600.0,1920.0
12887955,2022-07-22,Leche Entera Santo Domingo 6und x 900 ml Paquete de 6 Bolsas 900ml c/u Desde 1 paquete,2.0,17731.0,1418.48
12552529,2022-07-15,Pl치tano Verde Est치ndar Mediano Estandar Verde,9.0,2783.0,4508.46
12663736,2022-07-18,Huevos Rojos A x 30 und Cart칩n x 30 un Desde 6 cartones,6.0,14450.0,5202.0
12664196,2022-07-15,Tomate Chonto Maduraci칩n Mixta Semi (Mediano) Kg,3.0,3028.0,726.72
13055728,2022-07-27,Aceite Naoli x 3Lt Botella por 3 litros Unidad,1.0,21840.0,655.2
12638172,2022-07-15,Cebolla Cabezona Blanca Sin Pelar Grande Kg,2.0,2540.0,304.8
12619541,2022-07-15,Cebolla Cabezona Blanca Sin Pelar Grande Kg,1.0,2499.0,249.9
12670800,2022-07-15,Huevos Rojos AA x 30 und Cart칩n x 30 un Cart칩n,1.0,14800.0,1332.0
12828520,2022-07-23,Lavaloza en crema lim칩n Dessin x 500gr 500 gr Desde 3 Unidades,3.0,2166.0,779.76
12824793,2022-07-22,Chuleta de Cerdo Porcionada - Vianda. x 3kg Congelada Bolsa x 3Kg (20 unidades/150g),1.0,14800.0,2220.0
13069574,2022-07-27,Muslo con Contra Muslo  Campollo x 1.5kg - 1.9kg Bolsa entre 1.5kg - 1.9kg (3 unidades) Desde 4 Bolsas,4.0,7200.0,2730.24
12640424,2022-07-15,Lim칩n Pajarito Corriente Est치ndar Kg,1.0,3530.0,211.8
12599253,2022-07-13,Tomate Chonto Maduro Est치ndar (Grande) Kg,1.0,3028.0,484.48
13050213,2022-07-27,Pechuga x 1kg  Mercapollo Congelado Pechuga x 1kg,2.0,12950.0,1295.0
13012363,2022-07-27,Aceite Naoli x 20Lt Bid칩n por 20 litros Unidad,1.0,145798.0,5831.92
13072652,2022-07-27,Aceite Naoli x 3Lt Botella por 3 litros Unidad,2.0,21840.0,1310.4
13051763,2022-07-28,Detergente multiusos en polvo con Bicarbonato Ultrex x 125gr Bolsa x 125g Bolsa,1.0,891.0,44.55
13065140,2022-07-28,Carne Molida Camaguey x 500gr Congelada Paquete 500g,3.0,8600.0,1548.0
12622467,2022-07-15,Contenedor J1 Darnel Paquete x 20 unidades Unidad,1.0,7200.0,576.0
12915089,2022-07-23,Aceite Naoli x 20Lt Bid칩n por 20 litros Unidad,1.0,145798.0,5831.92
12990278,2022-07-28,Detergente en polvo multiusos PQP x 1kg Bolsa x 1 kg Desde 1 bolsa,1.0,3619.0,723.8
12650018,2022-07-16,Tomate Chonto Maduro Est치ndar (Grande) Kg,2.0,3028.0,968.96
12291045,2022-07-07,Tomate de 츼rbol Corriente Tama침o Mixto Kg,4.0,3500.0,1400.0
12916254,2022-07-23,At칰n Bocados en Agua Alamar x 140gr Lata x 140g 12 unidades,12.0,4397.0,2198.5
12855785,2022-07-23,Detergente multiusos en polvo con Bicarbonato Ultrex x 125gr Bolsa x 125g Bolsa,1.0,891.0,106.92
12669966,2022-07-16,Leche Entera Santo Domingo 6und x 900 ml Paquete de 6 Bolsas 900ml c/u Desde 4 paquetes,4.0,17333.0,2773.28
12468259,2022-07-13,Aceite Naoli x 3Lt Botella por 3 litros Unidad,1.0,22681.0,680.43
12690955,2022-07-16,Gaseosa Manzana Postobon x 1.5Lt Botella x 1500 ml Desde 1 botella,1.0,2521.0,201.68
12593400,2022-07-16,Arroz Emperador Bulto 45kg Bulto 45kg Desde 2 unidades,4.0,150900.0,24144.0
12711216,2022-07-16,Muslo con Contra Muslo  Campollo x 1.5kg - 1.9kg Bolsa entre 1.5kg - 1.9kg (3 unidades) Desde 4 Bolsas,9.0,7500.0,5427.0
12392182,2022-07-07,Pechuga con Hueso y Piel  Campollo x 2.7kg - 3.5kg Bolsa entre 2.7kg - 3.5kg (3 unidades) Desde 3 Bolsas,3.0,11900.0,9796.08
12652031,2022-07-16,Contenedor J1 Darnel Paquete x 20 unidades Unidad,1.0,7200.0,576.0
12393734,2022-07-07,Yuca Tama침o Mixto Kg,2.0,2961.0,888.3
13043056,2022-07-28,Muslo con Contra Muslo  Campollo x 1.5kg - 1.9kg Bolsa entre 1.5kg - 1.9kg (3 unidades) Desde 4 Bolsas,7.0,7200.0,4838.4
12900595,2022-07-25,Crema lavaloza lim칩n Limpia Ya 450gr Empaque de 450gr Unidad,1.0,2263.0,113.15
12942142,2022-07-23,Huevos Rojos AA x 30 und Cart칩n x 30 un Cart칩n,5.0,14800.0,4440.0
12913169,2022-07-23,Apio Est치ndar Atado,1.0,1960.0,294.0
13101142,2022-07-28,Zanahoria Segunda Tama침o Mixto Kg,1.0,2290.0,343.5
12673038,2022-07-15,Muslo con Contra Muslo  Campollo x 1.5kg - 1.9kg Bolsa entre 1.5kg - 1.9kg (3 unidades) Desde 1 Bolsa,1.0,7700.0,1617.0
12951079,2022-07-25,Tomate Chonto Maduraci칩n Mixta Semi (Mediano) Al por mayor,8.0,2350.0,1504.0
12914324,2022-07-23,Zanahoria Segunda Tama침o Mixto Kg,1.0,2120.0,318.0
12341541,2022-07-07,Aceite Naoli x 3Lt Botella por 3 litros Unidad,1.0,22681.0,680.43
12959150,2022-07-25,Gaseosa Coca Cola pet 12und x 400 ml Paca x12 unidades de 400ml c/u Desde 3 pacas,3.0,20000.0,6000.0
12632662,2022-07-14,Guayaba Maduraci칩n Mixta Kg - 游뱀 (Insuperable),1.0,4692.0,844.56
12632832,2022-07-14,Guayaba de Segunda Mixta Kg,4.0,3500.0,700.0
12943683,2022-07-25,Arroz Emperador Bulto 45kg Bulto 45kg Unidad,2.0,151900.0,12152.0
12931714,2022-07-28,"Arroz Naoli Bulto x 22,5Kg Bulto x 22,5kg Desde 1 bulto",1.0,76900.0,3845.0
13147265,2022-07-29,Servilletas cortadas Nube 320 und Paquete x 320 unidades Unidad,5.0,2923.0,730.75
12742462,2022-07-19,Harina de trigo La Nieve 50kg Bulto x 50kg Desde 2 bultos,2.0,162857.0,13028.56
12935837,2022-07-28,Contenedor J1 Darnel Paquete x 200 unidades Paquete,1.0,63025.0,5042.0
12733064,2022-07-18,Lavaloza en crema lim칩n Dessin x 500gr 500 gr Desde 3 Unidades,3.0,2166.0,779.76
12944314,2022-07-25,Huevos Rojos AA x 30 und Cart칩n x 30 un Cart칩n,1.0,14800.0,888.0
12295107,2022-07-08,Aceite Naoli x 3Lt Botella por 3 litros Unidad,1.0,22681.0,680.43
12599151,2022-07-14,Leche Entera Santo Domingo 6und x 900 ml Paquete de 6 Bolsas 900ml c/u Desde 1 paquete,1.0,17731.0,709.24
12911040,2022-07-25,Yuca Tama침o Mixto Kg,8.0,2750.0,9900.0
12906844,2022-07-25,Tomate de 츼rbol Est치ndar Kg - 游뱀 (Insuperable),2.0,3920.0,1411.2
12688371,2022-07-18,Arroz Naoli Bulto x 45kg Bulto x 45kg Desde 1 bulto,1.0,152190.0,6087.6
12673027,2022-07-15,Pechuga x Puro Pollo x 1kg Congelado M치s de 8 Pechugas x 1kg,8.0,12200.0,5904.8
13025726,2022-07-26,Aceite Naoli x 3Lt Botella por 3 litros Unidad,3.0,21840.0,1965.6
12940567,2022-07-26,Harina de trigo La Nieve 50kg Bulto x 50kg Unidad,5.0,161905.0,32381.0
13058895,2022-07-29,Cebolla Cabezona Blanca Sin Pelar Mixta Al por mayor,1.0,3330.0,999.0
13002486,2022-07-28,Limpiador desinfectante Lavanda PQP x 4 Lt Gal칩n x 4 L Desde 1 Gal칩n,1.0,11953.0,2390.6
12876012,2022-07-25,Mortadela de Jamon Santa Cruz x 500gr   Refrigerado - Bolsa de 500g Desde 1 Bolsa (500g),1.0,6664.0,399.84
12777905,2022-07-19,Pechuga con Hueso y Piel Importada - Vianda Congelada Bolsa x 3kg,2.0,14300.0,25740.0
13118784,2022-07-29,"Arroz Naoli Bulto x 22,5Kg Bulto x 22,5kg Desde 1 bulto",1.0,78900.0,3945.0
12578343,2022-07-18,Pasta fideo  la mu침eca x 250gr Bolsa x 250g Desde 6 bolsas,6.0,1690.0,1014.0
12716653,2022-07-19,Arroz Diana 25und x 500gr  Paquete 25 unidades x 500g Desde 2 unidades,2.0,43690.0,3495.2
12638773,2022-07-15,Cebolla Cabezona Blanca Sin Pelar Grande Kg,1.0,2540.0,152.4
12742443,2022-07-20,Maracuy치 Mixto Kg,2.0,4700.0,846.0
12802344,2022-07-20,Cebolla Cabezona Blanca Sin Pelar Mixta Kg,1.0,2575.0,154.5
12597495,2022-07-13,Maracuy치 Mixto Kg,3.0,4900.0,1102.5
13112514,2022-07-29,Tomate Chonto Maduraci칩n Mixta Semi (Mediano) Kg,2.0,2225.0,667.5
13062755,2022-07-29,Zanahoria Mixta Kg,5.0,2678.0,482.04
12743634,2022-07-19,Maracuy치 Mixto Kg,2.0,4700.0,282.0
12833648,2022-07-20,Carne Blanda para Asar de Res 2kg Refrigerado - Bolsa 2kg Desde 1 Bolsa (2kg),1.0,27500.0,8250.0
13591808,2022-07-19,Arroz Diana 25und x 500gr  Paquete 25 unidades x 500g Desde 4 unidades,12.0,43490.0,6958.4
12677538,2022-07-16,Tomate Chonto Maduraci칩n Mixta Semi (Mediano) Kg,2.0,3028.0,484.48
12570434,2022-07-14,Contenedor J1 Darnel Paquete x 20 unidades Unidad,2.0,7200.0,1152.0
13025727,2022-07-26,Pollo Entero Sin Viceras  Campollo x 1.8kg y 2.2kg Congelado - Pollo Entero entre 1.8kg y 2.2kg Desde 3 Pollos,4.0,8300.0,3087.6
13152446,2022-07-29,Huevos Rojos AA x 30 und Cart칩n x 30 un Cart칩n,1.0,15700.0,942.0
13118784,2022-07-29,Tomate Chonto Maduraci칩n Mixta Semi (Mediano) Kg,2.0,2225.0,667.5
12744291,2022-07-18,Muslo con Contra Muslo  Campollo x 1.5kg - 1.9kg Bolsa entre 1.5kg - 1.9kg (3 unidades) Desde 1 Bolsa,1.0,7700.0,462.0
12835653,2022-07-20,Huevos Rojos A x 30 und Cart칩n x 30 un Desde 6 cartones,6.0,14450.0,5202.0
13027970,2022-07-26,Palillo doble punta Panda  x 180 und Paquete x 180 un Desde 4 unidades,4.0,567.0,294.84
12986267,2022-07-26,"Arroz Naoli Bulto x 22,5Kg Bulto x 22,5kg Desde 1 bulto",1.0,76900.0,3845.0
12382878,2022-07-09,Cebolla Cabezona Blanca Sin Pelar Mixta Kg,1.0,2771.0,415.65
13178347,2022-07-30,Muslo con Contra Muslo  Campollo x 1.5kg - 1.9kg Bolsa entre 1.5kg - 1.9kg (3 unidades) Desde 4 Bolsas,4.0,7800.0,3276.0
12765017,2022-07-20,Arroz Emperador Bulto 45kg Bulto 45kg Desde 2 unidades,5.0,150900.0,30180.0
12825318,2022-07-20,Ajo Estandar Kg,2.0,8000.0,1600.0
12834603,2022-07-20,Cuchara TUC x 100 und  Paquete x 100 unidades Paquete,1.0,4982.0,498.2
12650473,2022-07-15,Harina de trigo La Nieve 50kg Bulto x 50kg Unidad,1.0,163333.0,6533.32
12999330,2022-07-26,Contenedor P1 Darnel Paquete x 20 unidades Paquete,1.0,8444.0,506.64
13115060,2022-07-28,Contenedor J1 Darnel Paquete x 20 unidades Unidad,1.0,7857.0,628.56
13008666,2022-07-28,Huevos Rojos A x 30 und Cart칩n x 30 un Cart칩n,1.0,15300.0,1377.0
12693956,2022-07-21,Aceite Naoli x 20Lt Bid칩n por 20 litros Unidad,1.0,146639.0,5865.56
13104190,2022-07-30,Arroz Emperador Bulto 45kg Bulto 45kg Desde 2 unidades,2.0,158990.0,12719.2
12984857,2022-07-26,Huevos Rojos AA x 30 und Cart칩n x 30 un Cart칩n,5.0,14800.0,4440.0
12812277,2022-07-21,Cebolla Cabezona Blanca Sin Pelar Mixta Kg,2.0,2575.0,309.0
13165618,2022-07-30,Maracuy치 Mixto Kg,3.0,3330.0,299.7
12858984,2022-07-21,Mojarra Roja Sin Escamas  La Veguita x 1kg Congelado - Bolsa 1kg (4 unidades de 250g aprox) Desde 1 Bolsa (1kg),1.0,12831.0,384.93
12933150,2022-07-27,Maracuy치 Mixto Kg,2.0,3430.0,686.0
12825413,2022-07-21,Servilletas cortadas Nube 320 und Paquete x 320 unidades Unidad,30.0,2923.0,876.9
13161255,2022-07-30,Arroz Emperador Bulto 45kg Bulto 45kg Unidad,1.0,160590.0,6423.6
13178586,2022-07-30,Pechuga x 1kg  Mercapollo Congelado Pechuga x 1kg,2.0,12950.0,1100.75
12781520,2022-07-19,Pasta fideo  la mu침eca x 250gr Bolsa x 250g Desde 1 bolsa,1.0,1730.0,173.0
13059808,2022-07-27,Pl치tano Verde Est치ndar Mediano Estandar Verde,4.0,3623.0,2086.848
12884539,2022-07-21,Pechuga con Hueso y Piel  Campollo x 2.7kg - 3.5kg Bolsa entre 2.7kg - 3.5kg (3 unidades) Desde 1 Bolsa,2.0,12000.0,2880.0
12792176,2022-07-19,Aceite Naoli x 3Lt Botella por 3 litros Unidad,2.0,22681.0,1360.86
13113349,2022-08-01,Huevos Rojos A x 30 und Cart칩n x 30 un Desde 6 cartones,6.0,14600.0,5256.0
13034017,2022-07-27,Palillo doble punta Panda  x 180 und Paquete x 180 un Desde 8 Unidades,8.0,546.0,567.84
13004931,2022-07-28,Harina de trigo La Nieve 50kg Bulto x 50kg Desde 2 bultos,2.0,162857.0,13028.56
13058911,2022-07-27,Pechuga con Hueso y Piel  Campollo x 2.7kg - 3.5kg Bolsa entre 2.7kg - 3.5kg (3 unidades) Desde 3 Bolsas,3.0,11700.0,7371.0
12983073,2022-07-27,Servilletas cortadas Nube 320 und Paquete x 320 unidades Unidad,1.0,2923.0,146.15
13165573,2022-08-01,At칰n Rallado en Aceite Alamar x 140gr Lata x 150g 8 unidades,8.0,3035.0,1214.0
12660052,2022-07-15,Huevos Rojos AA x 30 und Cart칩n x 30 un Cart칩n,3.0,14800.0,2664.0
12673019,2022-07-15,Cebolla Cabezona Blanca Sin Pelar Mixta Kg,1.0,2462.0,147.72
12554023,2022-07-15,Tomate Chonto Maduro Est치ndar (Grande) Kg,1.0,3028.0,484.48
13067761,2022-07-28,Huevos Rojos AA x 30 und Cart칩n x 30 un Cart칩n,7.0,15500.0,9765.0
12332318,2022-07-09,Maracuy치 Mixto Kg,1.0,5740.0,344.4
12344648,2022-07-09,Az칰car en Bulto x 50kg  Bulto x 50kg Unidad,1.0,210467.0,6314.01
12824663,2022-07-22,Arroz Pinillar 25und x 500 gr Paquete 25 unidades x 500g Desde 2 unidades,2.0,46990.0,6578.6
12803618,2022-07-22,Tenedor TUC x 100 und Paquete x 100 unidades Paquete,1.0,5042.0,504.2
12678135,2022-07-16,Harina de Trigo la Insuperable 50kg Bulto x 50kg Unidad,2.0,167143.0,20057.16
12680838,2022-07-16,Pechuga con Hueso y Piel  Campollo x 2.7kg - 3.5kg Bolsa entre 2.7kg - 3.5kg (3 unidades) Desde 3 Bolsas,3.0,11900.0,7282.8
12834611,2022-07-20,"Arroz Naoli Bulto x 22,5Kg Bulto x 22,5kg Desde 1 bulto",1.0,75990.0,3039.6
12833177,2022-07-20,Huevos Rojos A x 30 und Cart칩n x 30 un Desde 6 cartones,6.0,14450.0,5202.0
12813482,2022-07-22,Arroz Naoli Bulto x 45kg Bulto x 45kg Desde 1 bulto,1.0,152190.0,6087.6
12769992,2022-07-21,Mayonesa Pompeya Bolsa x 4.000gr Bolsa x 4000g Desde 1 bolsa,1.0,18287.0,1828.7
13110095,2022-07-28,Detergente multiusos en polvo con Bicarbonato Ultrex x 125gr Bolsa x 125g Bolsa,1.0,891.0,44.55
12735984,2022-07-21,Huevos Rojos A x 30 und Cart칩n x 30 un Desde 3 cartones,3.0,14600.0,2628.0
13238143,2022-08-01,Plato pl치stico 26 cm Tami x 20 und Paquete x 20 un Desde 1 paquete,1.0,9600.0,960.0
13153068,2022-08-01,Cebolla Cabezona Blanca Sin Pelar Mixta Kg,1.0,4038.0,605.7
12790855,2022-07-19,Huevos Rojos AA x 30 und Cart칩n x 30 un Cart칩n,1.0,14800.0,888.0
12861688,2022-07-21,Cebolla Cabezona Blanca Sin Pelar Mixta Kg,1.0,2421.0,145.26
12702364,2022-07-20,Yuca Tama침o Mixto Kg,2.0,2961.0,3553.2
12434358,2022-07-09,Cebolla Cabezona Blanca Sin Pelar Mixta Kg,1.0,2771.0,110.84
12854503,2022-07-22,Pasta spaguetti  la mu침eca x 1000gr  Bolsa x 1000g Desde 1 bolsa,3.0,4704.0,1411.2
12756146,2022-07-19,Arroz Diana 25und x 500gr  Paquete 25 unidades x 500g Paquete,1.0,44000.0,1760.0
12810967,2022-07-20,Arroz Naoli  25und x 500 gr Paquete 25 unidades x 500g Desde 2 unidades,2.0,43490.0,1739.6
13221298,2022-08-02,Yuca Tama침o Mixto Kg,3.0,2400.0,3024.0
12849134,2022-07-22,Aceite Naoli x 3Lt Botella por 3 litros Unidad,10.0,22681.0,6804.3
12833645,2022-07-20,Aceite Naoli x 20Lt Bid칩n por 20 litros Unidad,1.0,146639.0,5865.56
13090380,2022-07-28,Aceite Naoli x 20Lt Bid칩n por 20 litros Unidad,1.0,145798.0,5831.92
13243436,2022-08-02,Papa a la Francesa Ritchie x 2.5kg Congelado - Bolsa de 2.5kg Desde 1 Bolsa (2.5kg),5.0,15000.0,1500.0
13072541,2022-07-28,Detergente multiusos en polvo con Bicarbonato Ultrex x 125gr Bolsa x 125g Bolsa,1.0,891.0,44.55
12976100,2022-07-28,Piment칩n Rojo Nataly Est치ndar Kg,2.0,7480.0,748.0
12984870,2022-07-27,Aceite Naoli x 3Lt Botella por 3 litros Unidad,1.0,21840.0,655.2
13116831,2022-07-30,Zanahoria Mixta Kg,1.0,2678.0,401.7
12788279,2022-07-20,Cebolla Cabezona Blanca Sin Pelar Mixta Kg,1.0,2575.0,154.5
13031400,2022-07-28,Aceite Naoli x 20Lt Bid칩n por 20 litros Unidad,1.0,145798.0,8747.88
12758175,2022-07-22,Cebolla Roja Mixta Mixta Kg,2.0,4202.0,2101.0
12834603,2022-07-20,Aceite Naoli x 3Lt Botella por 3 litros Unidad,1.0,22681.0,680.43
12873842,2022-07-22,Contenedor J1 Darnel Paquete x 200 unidades Paquete,1.0,63025.0,5042.0
13215948,2022-08-01,Tomate Chonto Maduraci칩n Mixta Est치ndar (Grande) Kg,1.0,2222.0,666.6
12874694,2022-07-22,Muslo con Contra Muslo  Campollo x 1.5kg - 1.9kg Bolsa entre 1.5kg - 1.9kg (3 unidades) Desde 4 Bolsas,8.0,7200.0,5529.6
13180981,2022-08-01,Cebolla Cabezona Blanca Sin Pelar Mixta Kg,1.0,4038.0,605.7
13083733,2022-07-28,Zanahoria Mixta Kg,2.0,2678.0,803.4
12824846,2022-07-21,Pechuga con Hueso y Piel  Campollo x 2.7kg - 3.5kg Bolsa entre 2.7kg - 3.5kg (3 unidades) Desde 1 Bolsa,1.0,12000.0,2880.0
12852286,2022-07-21,Tomate Chonto Maduraci칩n Mixta Semi (Mediano) Kg (Tama침o 游),4.0,3185.0,509.6
12746196,2022-07-20,Arroz Emperador Bulto 45kg Bulto 45kg Desde 2 unidades,3.0,150900.0,18108.0
12774708,2022-07-21,Maracuy치 Mixto Kg,2.0,4700.0,282.0
12745397,2022-07-21,Papa Criolla Segunda Mixta Kg,1.0,3400.0,510.0
12714030,2022-07-21,Papa a la Francesa Ritchie x 2.5kg Congelado - Bolsa de 2.5kg Desde 1 Bolsa (2.5kg),6.0,15447.0,1235.76
12839487,2022-07-21,Guayaba Maduraci칩n Mixta Kg - 游뱀 (Insuperable),1.0,5080.0,762.0
12762871,2022-07-21,Arroz Naoli x 3kg Bolsa de 3Kg Unidad,2.0,10890.0,871.2
12793707,2022-07-21,Aceite Naoli x 3Lt Botella por 3 litros Unidad,1.0,22681.0,680.43
13159887,2022-08-02,Aceite Naoli x 3Lt Botella por 3 litros Unidad,1.0,21840.0,655.2
12942100,2022-07-23,Pechuga con Hueso y Piel  Campollo x 2.7kg - 3.5kg Bolsa entre 2.7kg - 3.5kg (3 unidades) Desde 1 Bolsa,1.0,12000.0,2088.0
12942142,2022-07-23,Muslo con Contra Muslo  Campollo x 1.5kg - 1.9kg Bolsa entre 1.5kg - 1.9kg (3 unidades) Desde 4 Bolsas,10.0,7200.0,6739.2
12885934,2022-07-22,Huevos Rojos AA x 30 und Cart칩n x 30 un Cart칩n,12.0,14800.0,15984.0
12825868,2022-07-23,Huevos Rojos AA x 30 und Cart칩n x 30 un Cart칩n,5.0,14800.0,4440.0
12979093,2022-07-29,Aceite Naoli x 3Lt Botella por 3 litros Unidad,3.0,21840.0,3931.2
12863529,2022-07-23,Huevos Rojos AA x 30 und Cart칩n x 30 un Cart칩n,2.0,14800.0,1776.0
13261229,2022-08-02,Pechuga con Hueso y Piel  Campollo x 2.7kg - 3.5kg Bolsa entre 2.7kg - 3.5kg (3 unidades) Desde 3 Bolsas,3.0,12500.0,7042.5
12928051,2022-07-23,Carne Molida Camaguey x 500gr Congelada Paquete 500g,2.0,8600.0,1032.0
12889138,2022-07-22,Leche Entera Santo Domingo 6und x 900 ml Paquete de 6 Bolsas 900ml c/u Desde 1 paquete,1.0,17731.0,709.24
12504453,2022-07-11,Pechuga con Hueso y Piel  Campollo x 2.7kg - 3.5kg Bolsa entre 2.7kg - 3.5kg (3 unidades) Desde 3 Bolsas,3.0,11900.0,8111.04
12795791,2022-07-22,Lechuga Crespa Verde Estandar Unidad,1.0,3870.0,774.0
12924832,2022-07-23,Uva Red Estandar Bandeja 500g,1.0,7400.0,1850.0
13115262,2022-07-29,Papa Blanca Segunda Est치ndar Kg,3.0,1090.0,490.5
12769794,2022-07-21,Leche Entera UHT  Coolechera x 900 ml Bolsa x 900ml Unidad,1.0,3256.0,390.72
12942096,2022-07-23,Pollo Entero Sin Viceras  Campollo x 1.8kg y 2.2kg Congelado - Pollo Entero entre 1.8kg y 2.2kg Desde 3 Pollos,10.0,8300.0,8665.2
12482384,2022-07-11,칌ame Diamante Est치ndar Kg - 游뱀 (Insuperable),1.0,2970.0,415.8
12800683,2022-07-21,Arroz Naoli x 3kg Bolsa de 3Kg Unidad,1.0,10890.0,653.4
12440958,2022-07-12,Vaso transparente 9 oz WAU x 50 und Paquete x 50 un Desde 3 paquetes,3.0,3259.0,782.16
12769750,2022-07-22,Vaso Cart칩n 4 oz Domingo x 50 un Paquete x 50 un Desde 1 paquete,1.0,5214.0,625.68
13124777,2022-07-29,Aceite Naoli x 3Lt Botella por 3 litros Unidad,3.0,21840.0,1965.6
13136532,2022-07-29,Muslo con Contra Muslo  Campollo x 1.5kg - 1.9kg Bolsa entre 1.5kg - 1.9kg (3 unidades) Desde 1 Bolsa,4.0,7950.0,3339.0
12725359,2022-07-19,Aceite Naoli x 3Lt Botella por 3 litros Unidad,2.0,22681.0,1360.86
12730472,2022-07-20,Gaseosa Coca Cola pet 12und x 400 ml Paca x12 unidades de 400ml c/u Desde 1 Paca,1.0,20168.0,1008.4
12879003,2022-07-21,Carne Para Desmechar 2kg Refrigerado - Bolsa 2kg Desde 1 Bolsa (2kg),5.0,23300.0,34950.0
12824087,2022-07-22,Servilletas cortadas Nube 320 und Paquete x 320 unidades Unidad,2.0,2923.0,292.3
12924065,2022-07-23,Lechuga Crespa Verde Estandar Unidad,2.0,3870.0,1393.2
13103821,2022-07-30,Az칰car en Bulto x 50kg  Bulto x 50kg Unidad,1.0,221810.0,6654.3
12985210,2022-07-25,Azucar micropulverizada Levapan x 1Kg Bolsa de 1kg Unidad,2.0,7467.0,746.7
13216412,2022-08-03,Papa Blanca Segunda Est치ndar Kg,2.0,1020.0,612.0
13223919,2022-08-03,Gaseosa Coca Cola pet 12und x 400 ml Paca x12 unidades de 400ml c/u Desde 3 pacas,4.0,20000.0,8800.0
12942106,2022-07-23,Pechuga con Hueso y Piel  Campollo x 2.7kg - 3.5kg Bolsa entre 2.7kg - 3.5kg (3 unidades) Desde 3 Bolsas,3.0,11700.0,7307.82
12790872,2022-07-19,Contenedor J1 Darnel Paquete x 20 unidades Unidad,2.0,7200.0,1152.0
12961079,2022-07-25,Contenedor J1 Darnel Paquete x 20 unidades Unidad,1.0,7857.0,628.56
13156428,2022-07-30,Harina de trigo La Nieve 50kg Bulto x 50kg Desde 2 bultos,2.0,162857.0,13028.56
12925680,2022-07-25,Aceite Naoli x 3Lt Botella por 3 litros Unidad,2.0,22681.0,1360.86
12934870,2022-07-25,Tomate Chonto Extramaduro Mixto Kg,2.0,4515.0,4515.0
13093147,2022-07-30,Chuleta de Cerdo Porcionada - Vianda. x 3kg Congelada Bolsa x 3Kg (20 unidades/150g),1.0,14800.0,2220.0
12991019,2022-07-25,Vaso Cart칩n 4 oz Domingo x 50 un Paquete x 50 un Desde 1 paquete,1.0,5214.0,625.68
13307223,2022-08-03,Pechuga con Hueso y Piel  Campollo x 2.7kg - 3.5kg Bolsa entre 2.7kg - 3.5kg (3 unidades) Desde 3 Bolsas,3.0,12500.0,8392.5
12912378,2022-07-25,Cebolla Cabezona Blanca Sin Pelar Mixta Kg,1.0,2421.0,435.78
12903123,2022-07-25,Cebolla Roja Mixta Mixta Kg,1.0,3601.0,900.25
12941352,2022-07-25,Tomate Chonto Verde Mixto Kg,1.0,3500.0,875.0
12849370,2022-07-21,Aceite Naoli x 3Lt Botella por 3 litros Unidad,4.0,22681.0,2721.72
12788274,2022-07-21,Arroz Naoli Bulto x 45kg Bulto x 45kg Desde 1 bulto,2.0,152190.0,12175.2
12492678,2022-07-13,Arroz Naoli  25und x 500 gr Paquete 25 unidades x 500g Desde 2 unidades,2.0,43490.0,1739.6
12585176,2022-07-13,Arroz Naoli x 3kg Bolsa de 3Kg Unidad,2.0,10890.0,1306.8
12594354,2022-07-13,Mojarra Roja Sin Escamas  La Veguita x 1kg Congelado - Bolsa 1kg (4 unidades de 250g aprox) Desde 1 Bolsa (1kg),1.0,12384.0,352.944
12490292,2022-07-13,Contenedor sopa 16oz con Tapa Icopor  Darnel x 20 und  Blanco Paquete x 20 unidades,2.0,6849.0,821.88
12833694,2022-07-20,Queso tipo Mozzarella Suiza tajado x 2500 gr tajado x 2500 gr Unidad,1.0,46591.0,6988.65
12829981,2022-07-23,Garbanzo Naoli de 500gr Bolsa de 500gr Unidad,1.0,3000.0,300.0
12798574,2022-07-20,Aceite Naoli x 3Lt Botella por 3 litros Unidad,2.0,22681.0,2721.72
12892164,2022-07-22,Muslo con Contra Muslo  Campollo x 1.5kg - 1.9kg Bolsa entre 1.5kg - 1.9kg (3 unidades) Desde 1 Bolsa,1.0,7300.0,700.8
12868536,2022-07-21,Huevos Rojos AA x 30 und Cart칩n x 30 un Cart칩n,1.0,14800.0,888.0
12820490,2022-07-21,Tomate Chonto Maduraci칩n Mixta Semi (Mediano) Al por mayor,9.0,2450.0,1764.0
12979556,2022-07-25,Salchicha Manguera Santa Cruz x 500gr Refrigerado - Bolsa de 500g (4 unidades de 125g c/u aprox) Desde 1 Bolsa (500g),2.0,3786.0,1135.8
12967668,2022-07-25,Espiral en acero LimpiaYa 15gr Unidad,1.0,1156.0,115.6
12932728,2022-07-25,Carne Molida Camaguey x 500gr Congelada Paquete 500g,4.0,8600.0,1548.0
12814632,2022-07-22,Salchicha Cazadora  Cunit x 500gr Refrigerado Bolsa x 500g (16 unidades),20.0,8900.0,4272.0
12976381,2022-07-26,Huevos Rojos AA x 30 und Cart칩n x 30 un Cart칩n,5.0,14800.0,4440.0
12558060,2022-07-15,Papa a la Francesa Ritchie x 2.5kg Congelado - Bolsa de 2.5kg Desde 1 Bolsa (2.5kg),2.0,15447.0,1235.76
12983519,2022-07-26,Pollo Entero Sin Viceras  Campollo x 1.8kg y 2.2kg Congelado - Pollo Entero entre 1.8kg y 2.2kg Desde 3 Pollos,3.0,8300.0,2988.0
12913302,2022-07-25,Harina de trigo La Nieve 50kg Bulto x 50kg Desde 2 bultos,2.0,161429.0,12914.32
13009881,2022-07-26,Huevos Rojos AA x 30 und Cart칩n x 30 un Cart칩n,6.0,14800.0,4440.0
13033478,2022-08-01,Az칰car en Bulto x 50kg  Bulto x 50kg Unidad,2.0,221810.0,22181.0
12680772,2022-07-16,Pechuga con Hueso y Piel  Campollo x 2.7kg - 3.5kg Bolsa entre 2.7kg - 3.5kg (3 unidades) Desde 3 Bolsas,4.0,11900.0,7282.8
12954237,2022-07-25,Coco Estandar Unidad,4.0,6149.0,6149.0
13344755,2022-08-04,Chorizo Tipo Chuzo Camaguey. x 500gr Paquete 500g Paquete,3.0,7395.0,2218.5
12925078,2022-07-26,Papa Blanca Segunda Est치ndar Kg,1.0,1090.0,163.5
13201081,2022-08-03,Tomate de 츼rbol Corriente Tama침o Mixto Kg,2.0,3400.0,952.0
12828215,2022-07-21,Pechuga x 1kg  Mercapollo Congelado Pechuga x 1kg,3.0,12950.0,1942.5
12979655,2022-07-25,Pollo Entero Marinado  Mercapollo x 1.9kg  Congelado Pollo Entero x 1.9kg,5.0,8950.0,3490.5
12994322,2022-07-26,Muslo con Contra Muslo  Campollo x 1.5kg - 1.9kg Bolsa entre 1.5kg - 1.9kg (3 unidades) Desde 1 Bolsa,2.0,7300.0,1401.6
12989440,2022-07-26,Papa a la Francesa Ritchie x 2.5kg Congelado - Bolsa de 2.5kg Desde 1 Bolsa (2.5kg),8.0,15447.0,1235.76
12917084,2022-07-26,Queso tipo Mozzarella Suiza tajado x 2500 gr tajado x 2500 gr Unidad,2.0,46591.0,13977.3
12664038,2022-07-16,Huevos Rojos AA x 30 und Cart칩n x 30 un Cart칩n,5.0,14800.0,4440.0
12660939,2022-07-16,Jugo Hit Mango 12und x 500 ml Paca x 12 unidades de 500 ml c/u Desde 1 Paca,1.0,18487.0,924.35
12743071,2022-07-18,Muslo con Contra Muslo  Campollo x 1.5kg - 1.9kg Bolsa entre 1.5kg - 1.9kg (3 unidades) Desde 4 Bolsas,4.0,7500.0,2880.0
12871976,2022-07-23,Maracuy치 Mixto Kg,2.0,4700.0,282.0
13014337,2022-07-26,Cebolla Cabezona Blanca Sin Pelar Mixta Al por mayor,1.0,3330.0,999.0
13012701,2022-07-26,Garbanzo Naoli de 500gr Bolsa de 500gr Unidad,10.0,3000.0,3000.0
12955059,2022-07-26,Muslo con Contra Muslo  Campollo x 1.5kg - 1.9kg Bolsa entre 1.5kg - 1.9kg (3 unidades) Desde 4 Bolsas,10.0,7200.0,6912.0
12953588,2022-07-26,Huevos Rojos AA x 30 und Cart칩n x 30 un Cart칩n,2.0,14800.0,1776.0
13039397,2022-07-27,Az칰car en Bulto x 50kg  Bulto x 50kg Unidad,1.0,228571.0,6857.13
12970471,2022-07-25,Vaso Transparente 7 Oz Tuc x 25 und Paquete x 25 Unidades Paquete,6.0,1099.0,527.52
13137705,2022-08-01,Huevos Rojos A x 30 und Cart칩n x 30 un Desde 6 cartones,6.0,14600.0,5256.0
13260301,2022-08-02,Aceite Naoli x 3Lt Botella por 3 litros Unidad,5.0,21840.0,3276.0
13009683,2022-07-26,Pasta fideo  la mu침eca x 250gr Bolsa x 250g Desde 1 bolsa,2.0,1825.0,365.0
12783442,2022-07-19,Apio Est치ndar Atado,2.0,1960.0,588.0
12871940,2022-07-25,Muslo con Contra Muslo  Campollo x 1.5kg - 1.9kg Bolsa entre 1.5kg - 1.9kg (3 unidades) Desde 4 Bolsas,4.0,7200.0,2764.8
13008940,2022-07-26,Arroz Naoli  25und x 500 gr Paquete 25 unidades x 500g Desde 4 unidades,8.0,42900.0,3432.0
12969341,2022-07-25,Harina de trigo La Nieve 50kg Bulto x 50kg Desde 2 bultos,2.0,161429.0,12914.32
12926126,2022-07-25,Aceite Naoli x 3Lt Botella por 3 litros Unidad,1.0,22681.0,680.43
13254746,2022-08-05,Aceite Naoli x 3Lt Botella por 3 litros Unidad,5.0,21891.0,3283.65
12689057,2022-07-19,Huevos Rojos A x 30 und Cart칩n x 30 un Desde 6 cartones,6.0,14450.0,5202.0
13331753,2022-08-05,Zanahoria Segunda Tama침o Mixto Kg,1.0,2300.0,345.0
12942008,2022-07-23,Contenedor J1 Darnel Paquete x 20 unidades Unidad,1.0,7857.0,628.56
13017818,2022-07-26,Papa Blanca Sucia Tama침o Mixto Kg,3.0,1287.0,540.54
13254214,2022-08-02,Frijol Cabeza Negra Naoli de 500gr Bolsa 500g Unidad,1.0,2800.0,112.0
12847269,2022-07-21,Aceite Naoli x 3Lt Botella por 3 litros Unidad,1.0,22681.0,680.43
12813151,2022-07-21,Aceite Naoli x 3Lt Botella por 3 litros Unidad,1.0,22681.0,680.43
13058256,2022-07-27,Pasta fideo la mu침eca x 500gr Bolsa x 500g Desde 1 bolsa,1.0,2747.0,274.7
13014373,2022-07-26,Papa Blanca Sucia Tama침o Mixto Kg,14.0,1287.0,2522.52
13398617,2022-08-05,Papa Blanca Sucia Tama침o Mixto Sucia x Bulto,1.0,1070.0,2254.062
13147308,2022-07-29,Pollo Entero Sin Viceras  Campollo x 1.8kg y 2.2kg Congelado - Pollo Entero entre 1.8kg y 2.2kg Desde 3 Pollos,3.0,8300.0,2988.0
13341294,2022-08-05,Guayaba de Segunda Mixta Kg,2.0,3500.0,525.0
13261231,2022-08-02,Muslo con Contra Muslo  Campollo x 1.5kg - 1.9kg Bolsa entre 1.5kg - 1.9kg (3 unidades) Desde 4 Bolsas,17.0,7800.0,12650.04
13300993,2022-08-02,Vaso transparente 7 Oz WAU x 50 und Paquete x 50 un Desde 3 paquetes,5.0,1979.0,296.85
13202191,2022-08-02,Leche Deslactosada Santo Domingo 6und x 900 ml Paquete de 6 Bolsas 900ml c/u Desde 1 paquete,1.0,18950.0,947.5
13286709,2022-08-05,Papa Blanca Sucia Tama침o Mixto Kg,3.0,1177.0,494.34
12980608,2022-07-26,Maracuy치 Mixto Kg,2.0,3430.0,205.8
13182128,2022-08-04,Arroz Pinillar 25und x 500 gr Paquete 25 unidades x 500g Desde 4 unidades,4.0,46490.0,13017.2
13310749,2022-08-04,Gaseosa Coca Cola pet 12und x 1.5 Lt Paca x 12 Unidades de 1.5 Lts c/u Desde 1 Paca,1.0,43697.0,4806.67
12892790,2022-07-23,Cebolla Cabezona Blanca Sin Pelar Mixta Kg,1.0,2421.0,145.26
12979562,2022-07-25,Pechuga con Hueso y Piel  Campollo x 2.7kg - 3.5kg Bolsa entre 2.7kg - 3.5kg (3 unidades) Desde 1 Bolsa,1.0,12000.0,2520.0
13262829,2022-08-02,Pollo Entero Sin Viceras  Campollo x 1.8kg y 2.2kg Congelado - Pollo Entero entre 1.8kg y 2.2kg Desde 3 Pollos,6.0,8950.0,5541.84
12975415,2022-07-28,Aceite Naoli x 3Lt Botella por 3 litros Unidad,6.0,21840.0,3931.2
12866210,2022-07-27,Pasta Spaguetti  La Mu침eca x 500gr Bolsa x 500g Unidad,10.0,2714.0,2714.0
13069183,2022-07-27,Pechuga con Hueso y Piel  Campollo x 2.7kg - 3.5kg Bolsa entre 2.7kg - 3.5kg (3 unidades) Desde 1 Bolsa,2.0,12000.0,2196.0
13058707,2022-07-28,Cilantro Est치ndar Atado,2.0,6000.0,5400.0
13184145,2022-07-30,Servilletas cortadas Nube 320 und Paquete x 320 unidades Unidad,1.0,2923.0,146.15
13157505,2022-08-02,Espiral en acero LimpiaYa 15gr Unidad,3.0,1156.0,277.44
13058917,2022-07-27,Detergente multiusos en polvo con Bicarbonato Ultrex x 125gr Bolsa x 125g Bolsa,1.0,891.0,44.55
13193621,2022-08-03,Maracuy치 Mixto Media Bolsa,1.0,6210.0,2484.0
12801201,2022-07-20,Aceite Naoli x 20Lt Bid칩n por 20 litros Unidad,1.0,145798.0,5831.92
13422340,2022-08-06,Aceite Naoli x 3Lt Botella por 3 litros Unidad,1.0,21891.0,656.73
12943881,2022-07-27,Harina de trigo La Nieve 50kg Bulto x 50kg Desde 2 bultos,3.0,161429.0,19371.48
13047587,2022-07-27,Maracuy치 Mixto Kg,4.0,3430.0,411.6
13419562,2022-08-06,Huevos Rojos AA x 30 und Cart칩n x 30 un Cart칩n,2.0,15950.0,1914.0
13074445,2022-07-27,Maracuy치 Mixto Kg,4.0,3430.0,411.6
12678676,2022-07-20,Carne Molida Camaguey x 500gr Congelada Paquete 500g,2.0,8600.0,1032.0
12833175,2022-07-20,Tomate Chonto Maduro Est치ndar (Grande) Kg (Tama침o 游),8.0,3185.0,1019.2
13170902,2022-07-30,Az칰car en Bulto x 50kg  Bulto x 50kg Unidad,1.0,221810.0,6654.3
13218058,2022-08-02,Vaso transparente 7 Oz Vacan x 50 und Paquete x 50 un Paquete,1.0,1891.0,151.28
13170736,2022-08-01,Arroz Emperador Bulto 45kg Bulto 45kg Unidad,1.0,160590.0,6423.6
13075690,2022-07-28,Pasta spaguetti  la mu침eca x 1000gr  Bolsa x 1000g Desde 1 bolsa,1.0,4704.0,470.4
12968891,2022-07-28,Huevos Rojos A x 30 und Cart칩n x 30 un Desde 3 cartones,3.0,15200.0,2736.0
13326362,2022-08-04,Desengrasante 123 x 500ml Botella x 500ml Unidad,1.0,2424.0,290.88
12789566,2022-07-21,Cebolla Cabezona Blanca Sin Pelar Mixta Kg,1.0,2421.0,145.26
13207732,2022-08-01,Salchicha Manguera Santa Cruz x 500gr Refrigerado - Bolsa de 500g (4 unidades de 125g c/u aprox) Desde 1 Bolsa (500g),1.0,3786.0,492.18
12698068,2022-07-21,Gaseosa Manzana Postobon x 1.5Lt Botella x 1500 ml Desde 12 botellas,84.0,2437.0,16376.64
12969062,2022-07-25,Detergente multiusos en polvo con Bicarbonato Ultrex x 500gr Bolsa x 500 g Bolsa,2.0,2437.0,584.88
13300520,2022-08-04,Pl치tano Verde Est치ndar Mediano Extra Maduro,2.0,2610.0,1127.52
13328149,2022-08-04,Vaso Transparente 7 Oz Tuc x 25 und Paquete x 25 Unidades Paquete,1.0,1099.0,76.93
13239028,2022-08-02,Aceite Naoli x 20Lt Bid칩n por 20 litros Unidad,1.0,145798.0,5831.92
12958430,2022-07-28,Mazorca con Amero Est치ndar Unidad,5.0,1010.0,757.5
13023465,2022-07-28,Arroz Emperador Bulto 45kg Bulto 45kg Unidad,1.0,160590.0,6423.6
12942980,2022-07-25,Tomate Chonto Maduraci칩n Mixta Semi (Mediano) Kg,6.0,2421.0,1162.08
13018067,2022-07-29,Huevos Rojos A x 30 und Cart칩n x 30 un Desde 3 cartones,5.0,15200.0,4560.0
12975485,2022-07-28,Aceite Naoli x 3Lt Botella por 3 litros Unidad,4.0,21840.0,2620.8
12993352,2022-07-26,Tomate Chonto Maduro Est치ndar (Grande) Al por mayor,3.0,2550.0,9180.0
12874960,2022-07-22,Arroz Emperador Bulto 45kg Bulto 45kg Desde 2 unidades,2.0,150900.0,12072.0
13358121,2022-08-04,Salsa con sabor a Pi침a Pompeya Bolsa x 4.000 g Bolsa x 4000g Desde 1 bolsa,2.0,11824.0,1182.4
12874593,2022-07-22,Aceite Naoli x 20Lt Bid칩n por 20 litros Unidad,2.0,145798.0,11663.84
12871897,2022-07-22,Maracuy치 Mixto Kg,2.0,4700.0,282.0
13215217,2022-08-01,Crema lavaloza lim칩n Limpia Ya 450gr Empaque de 450gr Unidad,1.0,2263.0,113.15
13007600,2022-07-26,Tomate Chonto Pint칩n Est치ndar (Grande) Kg,1.0,3399.0,1019.7
13169116,2022-08-02,Tomate Chonto Maduraci칩n Mixta Est치ndar (Grande) Kg,1.0,2222.0,666.6
13129561,2022-07-29,Huevos Rojos AA x 30 und Cart칩n x 30 un Cart칩n,1.0,15700.0,942.0
12909348,2022-07-22,Cepillo sanitario con base Task Cepillo sanitario Desde 1 Cepillo,1.0,4673.0,467.3
13120277,2022-07-29,Harina de Trigo la Insuperable 50kg Bulto x 50kg Unidad,1.0,167143.0,10028.58
13068431,2022-07-28,Ajo Estandar Kg,1.0,8000.0,1440.0
13013464,2022-07-28,Crema lavaloza lim칩n Limpia Ya 450gr Empaque de 450gr Unidad,8.0,2263.0,113.15
13308962,2022-08-03,Salchichon - Camaguey. x 750gr Unidad x 750g Unidad,2.0,6914.0,1382.8
12980217,2022-07-25,Contenedor J1 Darnel Paquete x 20 unidades Unidad,1.0,7857.0,628.56
13152677,2022-08-01,Gaseosa Coca Cola pet 12und x 1.5 Lt Paca x 12 Unidades de 1.5 Lts c/u Desde 1 Paca,1.0,43697.0,2184.85
12940188,2022-07-25,Apio Est치ndar Atado,1.0,1960.0,294.0
12948439,2022-07-23,Aceite Naoli x 3Lt Botella por 3 litros Unidad,1.0,22681.0,680.43
12911860,2022-07-26,Huevos Rojos A x 30 und Cart칩n x 30 un Desde 6 cartones,6.0,14450.0,5202.0
13293564,2022-08-03,Servilletas cortadas Nube 320 und Paquete x 320 unidades Unidad,1.0,2923.0,292.3
12941809,2022-07-23,Papa a la Francesa Mydibel Calypso x 2.5 Bolsa de 2.5 kg 1 Bolsa (2.5kg),1.0,15958.0,638.32
12945578,2022-07-25,Harina de trigo 3 Castillos x 50kg Bulto x 50kg Unidad,1.0,169905.0,6796.2
13031796,2022-07-27,Az칰car en Bulto x 50kg  Bulto x 50kg Unidad,1.0,228571.0,6857.13
13137498,2022-07-29,Aceite Naoli x 3Lt Botella por 3 litros Unidad,1.0,21840.0,655.2
12985007,2022-07-26,Aceite Naoli x 3Lt Botella por 3 litros Unidad,6.0,21840.0,3931.2
13069894,2022-07-27,Tomate Chonto Maduro Est치ndar (Grande) Kg (Tama침o 游),1.0,3315.0,99.45
12942017,2022-07-23,Harina de trigo La Nieve 50kg Bulto x 50kg Desde 2 bultos,2.0,161143.0,12891.44
12918315,2022-07-25,Palillos extra largo sandwich/BBQ Festival  caja x 120 und Paquete x 35 gr Desde 5 Cajas,5.0,1023.0,511.5
13316953,2022-08-04,Aceite Naoli x 3Lt Botella por 3 litros Unidad,1.0,21891.0,656.73
13091245,2022-07-30,Az칰car en Bulto x 50kg  Bulto x 50kg Unidad,1.0,221810.0,6654.3
13369647,2022-08-05,Ceboll칤n Limpio Atado Unidad,3.0,2318.0,1043.1
13081315,2022-07-27,Lim칩n Pajarito Corriente Est치ndar Kg,20.0,3260.0,3260.0
13009852,2022-07-26,Pollo Entero Sin Viceras  Campollo x 1.8kg y 2.2kg Congelado - Pollo Entero entre 1.8kg y 2.2kg Desde 3 Pollos,3.0,8300.0,2988.0
12939237,2022-07-25,Harina de trigo Elite Hojaldre 3 castillos x 50 kg Bulto x 50kg Unidad,1.0,198476.0,7939.04
12913408,2022-07-27,Pechuga con Hueso y Piel  Campollo x 2.7kg - 3.5kg Bolsa entre 2.7kg - 3.5kg (3 unidades) Desde 3 Bolsas,3.0,11700.0,7371.0
13101144,2022-07-28,Vaso Transparente 7 Oz Tuc x 25 und Paquete x 25 Unidades Paquete,1.0,1099.0,87.92
13110101,2022-07-28,Papa a la Francesa Mydibel Calypso x 2.5 Bolsa de 2.5 kg 1 Bolsa (2.5kg),2.0,15958.0,1276.64
12853680,2022-07-28,Aceite Naoli x 3Lt Botella por 3 litros Unidad,2.0,22681.0,1360.86
13374831,2022-08-08,Tenedor Fresh x 100 und  Paquete x 100 un Paquete,4.0,4244.0,1527.84
13061255,2022-07-28,Aceite Naoli x 3Lt Botella por 3 litros Unidad,1.0,21840.0,655.2
13284082,2022-08-06,Huevos Rojos AA x 30 und Cart칩n x 30 un Cart칩n,5.0,16000.0,4800.0
13276964,2022-08-03,Muslo con Contra Muslo  Campollo x 1.5kg - 1.9kg Bolsa entre 1.5kg - 1.9kg (3 unidades) Desde 4 Bolsas,12.0,7200.0,9072.0
13055824,2022-07-28,Detergente multiusos en polvo con Bicarbonato Ultrex x 125gr Bolsa x 125g Bolsa,1.0,891.0,44.55
13331929,2022-08-06,Apio Est치ndar Atado,1.0,1760.0,352.0
13542779,2022-08-06,Muslo con Contra Muslo  Campollo x 1.5kg - 1.9kg Bolsa entre 1.5kg - 1.9kg (3 unidades) Desde 4 Bolsas,4.0,7250.0,3045.0
13114138,2022-07-28,Aceite Naoli x 3Lt Botella por 3 litros Unidad,2.0,21840.0,1310.4
13069891,2022-07-27,Huevos Rojos AA x 30 und Cart칩n x 30 un Cart칩n,2.0,15500.0,1860.0
12958430,2022-07-28,Maracuy치 Mixto Kg,2.0,3430.0,205.8
13210502,2022-08-03,Maracuy치 Mixto Kg,2.0,3920.0,313.6
13419367,2022-08-06,Cebolla Cabezona Blanca Sin Pelar Mixta Kg,2.0,3131.0,1252.4
13090909,2022-07-28,Gaseosa Coca Cola pet 12und x 400 ml Paca x12 unidades de 400ml c/u Desde 1 Paca,1.0,20168.0,2016.8
13123663,2022-07-28,Detergente multiusos en polvo con Bicarbonato Ultrex x 125gr Bolsa x 125g Bolsa,1.0,891.0,44.55
13276528,2022-08-08,Cebolla Cabezona Blanca Sin Pelar Mixta Kg,1.0,3131.0,626.2
13043615,2022-07-27,Leche Entera Santo Domingo 6und x 900 ml Paquete de 6 Bolsas 900ml c/u Desde 1 paquete,1.0,17731.0,709.24
13127929,2022-07-29,Aceite Naoli x 3Lt Botella por 3 litros Unidad,1.0,21840.0,655.2
13298441,2022-08-03,Pasta fideo la mu침eca x 500gr Bolsa x 500g Desde 1 bolsa,1.0,2747.0,274.7
12984707,2022-07-28,Huevos Rojos AA x 30 und Cart칩n x 30 un Cart칩n,5.0,14800.0,6660.0
13109964,2022-07-28,At칰n Rallado en Aceite Alamar x 140gr Lata x 150g Unidad,3.0,3113.0,466.95
13134600,2022-07-29,Detergente multiusos en polvo con Bicarbonato Ultrex x 125gr Bolsa x 125g Bolsa,1.0,891.0,44.55
13095001,2022-07-28,Pechuga con Hueso y Piel  Campollo x 2.7kg - 3.5kg Bolsa entre 2.7kg - 3.5kg (3 unidades) Desde 1 Bolsa,1.0,12000.0,2520.0
13095794,2022-07-28,Maracuy치 Mixto Kg,2.0,3430.0,205.8
13329541,2022-08-03,Lenteja Naoli de 500gr Bolsa de 500gr Unidad,1.0,3350.0,402.0
13134590,2022-07-29,Harina de Trigo la Insuperable 50kg Bulto x 50kg Desde 2 bultos,2.0,166667.0,20000.04
13346447,2022-08-04,Papa Blanca Sucia Tama침o Mixto Kg,10.0,1177.0,211.86
13414007,2022-08-08,Pechuga con Hueso y Piel  Campollo x 2.7kg - 3.5kg Bolsa entre 2.7kg - 3.5kg (3 unidades) Desde 3 Bolsas,2.0,12550.0,2710.8
13472870,2022-08-09,Aceite Naoli x 3Lt Botella por 3 litros Unidad,2.0,21891.0,1313.46
13096062,2022-07-29,Maracuy치 Mixto Kg,2.0,3430.0,205.8
13349764,2022-08-04,Zanahoria Segunda Tama침o Mixto Kg,3.0,2300.0,1035.0
13100904,2022-07-29,Aceite Naoli x 3Lt Botella por 3 litros Unidad,3.0,21840.0,1965.6
13469623,2022-08-09,Aceite Naoli x 3Lt Botella por 3 litros Unidad,3.0,21891.0,1970.19
13101945,2022-07-29,Toalla de cocina doble hoja Nube x 50h Rollo x 50 hojas Desde 3 Unidades,3.0,1437.0,344.88
13634005,2022-08-09,Arroz Diana 25und x 500gr  Paquete 25 unidades x 500g Paquete,1.0,46590.0,1397.7
13182679,2022-07-30,Cebolla Cabezona Blanca Sin Pelar Mixta Kg,1.0,3430.0,205.8
13419451,2022-08-06,Huevos Rojos AA x 30 und Cart칩n x 30 un Cart칩n,5.0,15500.0,4650.0
12950507,2022-07-26,Yuca Tama침o Mixto Kg (Tama침o 游),3.0,3438.0,721.98
13317860,2022-08-03,Aceite Naoli x 3Lt Botella por 3 litros Unidad,1.0,21891.0,656.73
13274399,2022-08-03,Papa Blanca Sucia Tama침o Mixto Sucia x Bulto,1.0,1070.0,3017.4
13147297,2022-07-29,Aceite Naoli x 3Lt Botella por 3 litros Unidad,2.0,21840.0,1310.4
13347370,2022-08-04,Harina de trigo La Nieve 50kg Bulto x 50kg Unidad,1.0,163333.0,6533.32
13371544,2022-08-04,Papa Blanca Sucia Tama침o Mixto Sucia x Bulto,1.0,1070.0,1107.45
13344752,2022-08-04,Aceite Naoli x 3Lt Botella por 3 litros Unidad,2.0,21891.0,1313.46
13135877,2022-07-29,Zanahoria Segunda Tama침o Mixto Kg,1.0,2290.0,343.5
13116244,2022-07-30,"Arroz Naoli Bulto x 22,5Kg Bulto x 22,5kg Desde 1 bulto",1.0,81990.0,4099.5
13501260,2022-08-09,Aceite Naoli x 3Lt Botella por 3 litros Unidad,1.0,21891.0,656.73
12988941,2022-07-27,Detergente multiusos en polvo con Bicarbonato Ultrex x 125gr Bolsa x 125g Bolsa,1.0,891.0,44.55
13080470,2022-07-30,Papa a la Francesa Ritchie x 2.5kg Congelado - Bolsa de 2.5kg Desde 1 Bolsa (2.5kg),2.0,14244.0,1139.52
13107844,2022-07-29,Aceite Naoli x 3Lt Botella por 3 litros Unidad,6.0,21840.0,3931.2
13419698,2022-08-06,Muslo con Contra Muslo  Campollo x 1.5kg - 1.9kg Bolsa entre 1.5kg - 1.9kg (3 unidades) Desde 4 Bolsas,6.0,7250.0,4567.5
13430976,2022-08-06,Mortadela de Pollo - Delichicks x 450gr Refrigerado Paquete x 450g (24 und) Desde 1 paquete,1.0,8143.0,814.3
13322934,2022-08-06,Cebolla Cabezona Blanca Sin Pelar Mixta Kg,4.0,3131.0,1502.88
13477796,2022-08-09,Queso tipo Mozzarella Suiza tajado x 500 gr Tajado x 500 gr Unidad,1.0,9300.0,930.0
13147246,2022-07-29,Cebolla Cabezona Blanca Sin Pelar Mixta Kg,1.0,3430.0,205.8
13064904,2022-07-30,Papa a la Francesa Ritchie x 2.5kg Congelado - Bolsa de 2.5kg Desde 1 Bolsa (2.5kg),2.0,14244.0,1139.52
12979569,2022-07-25,Harina de trigo 3 Castillos x 50kg Bulto x 50kg Unidad,1.0,169905.0,6796.2
13177925,2022-07-30,Guineo Verde Unidad Est치ndar Unidad,2.0,551.0,826.5
13310135,2022-08-03,Crema lavaloza lim칩n Limpia Ya 450gr Empaque de 450gr Unidad,1.0,2263.0,113.15
13282186,2022-08-03,"Arroz Naoli Bulto x 22,5Kg Bulto x 22,5kg Desde 1 bulto",1.0,83000.0,4150.0
13177548,2022-08-03,Huevos Rojos A x 30 und Cart칩n x 30 un Desde 6 cartones,6.0,15000.0,5400.0
13184853,2022-08-01,Huevos Rojos A x 30 und Cart칩n x 30 un Desde 6 cartones,6.0,14600.0,5256.0
13285821,2022-08-04,Habichuela Est치ndar Kg - 游뱀 (Insuperable),1.0,6170.0,185.1
13009741,2022-07-28,Pasta fideo  la mu침eca x 250gr Bolsa x 250g Desde 1 bolsa,1.0,1825.0,182.5
13085969,2022-08-01,Pechuga con Hueso y Piel  Campollo x 2.7kg - 3.5kg Bolsa entre 2.7kg - 3.5kg (3 unidades) Desde 3 Bolsas,3.0,11700.0,7371.0
13527023,2022-08-10,Gaseosa Coca Cola pet 12und x 1.5 Lt Paca x 12 Unidades de 1.5 Lts c/u Desde 1 Paca,3.0,43697.0,14420.01
13384434,2022-08-05,Perejil Crespo Estandar Atado,1.0,4020.0,603.0
13099120,2022-07-30,Pechuga con Hueso y Piel  Campollo x 2.7kg - 3.5kg Bolsa entre 2.7kg - 3.5kg (3 unidades) Desde 3 Bolsas,5.0,11700.0,7371.0
13217872,2022-08-01,Ceboll칤n Sucio Est치ndar Kg,2.0,3667.0,513.38
13192280,2022-08-01,Huevos Rojos AA x 30 und Cart칩n x 30 un Cart칩n,1.0,15850.0,951.0
13410359,2022-08-06,Detergente multiusos en polvo con Bicarbonato Ultrex x 125gr Bolsa x 125g Bolsa,1.0,891.0,106.92
13159521,2022-08-01,Palillo doble punta Panda  x 180 und Paquete x 180 un Desde 4 unidades,4.0,567.0,294.84
12857668,2022-07-25,Tomate Chonto Maduro Est치ndar (Grande) Kg,1.0,2627.0,420.32
13060142,2022-07-27,Pechuga con Hueso y Piel  Campollo x 2.7kg - 3.5kg Bolsa entre 2.7kg - 3.5kg (3 unidades) Desde 1 Bolsa,1.0,12000.0,2520.0
12945441,2022-07-25,Milanesa de Cerdo Santa Cruz x 500gr Refrigerado - Bolsa 0.5 kg 1 Bolsa (0.5kg),2.0,18600.0,1116.0
13408240,2022-08-06,Arroz Emperador Bulto 45kg Bulto 45kg Desde 2 unidades,3.0,159490.0,19138.8
13419418,2022-08-06,Servilleta Popular x 330 und Paquete x 330 un Desde 5 paquetes,5.0,2815.0,1407.5
13404908,2022-08-06,Apio Est치ndar Atado,1.0,1760.0,352.0
13095936,2022-07-28,Aceite Naoli x 20Lt Bid칩n por 20 litros Unidad,3.0,145798.0,17495.76
13319776,2022-08-05,Carne Molida Camaguey x 500gr Congelada Paquete 500g,4.0,8600.0,1548.0
13025854,2022-07-26,Salchichon Cervecero  Cunit x 1kg  Refrigerado Bolsa x 1kg,4.0,13670.0,8202.0
13200152,2022-08-01,Salsa con Tomate Pompeya Bolsa x 4.000gr Bolsa x 4000g Desde 1 bolsa,1.0,13184.0,1054.72
13215234,2022-08-01,Pasta Concha La Mu침eca x 250gr Bolsa x 250g Unidad,12.0,1587.0,1587.0
13424513,2022-08-06,Carne Molida Camaguey x 500gr Congelada Paquete 500g,4.0,8600.0,4472.0
13360827,2022-08-08,Huevos Rojos AA x 30 und Cart칩n x 30 un Cart칩n,5.0,16000.0,4800.0
13025854,2022-07-26,Huevos Rojos A x 30 und Cart칩n x 30 un Desde 3 cartones,5.0,14600.0,4380.0
13050942,2022-07-27,Mazorca con Amero Est치ndar Unidad,7.0,1010.0,1060.5
13219493,2022-08-02,Cebolla Cabezona Blanca Sin Pelar Mixta Al por mayor,2.0,3920.0,2352.0
13219510,2022-08-02,Aceite Naoli x 3Lt Botella por 3 litros Unidad,1.0,21840.0,655.2
13274428,2022-08-03,Lim칩n Pajarito Corriente Est치ndar Kg,2.0,3260.0,391.2
13458814,2022-08-08,Pollo Entero Sin Viceras  Campollo x 1.8kg y 2.2kg Congelado - Pollo Entero entre 1.8kg y 2.2kg Desde 3 Pollos,3.0,9000.0,2754.0
13192456,2022-08-02,Arroz Emperador Bulto 45kg Bulto 45kg Unidad,1.0,160590.0,6423.6
13182604,2022-08-03,Az칰car en Bulto x 50kg  Bulto x 50kg Unidad,2.0,225705.0,22570.5
13058895,2022-07-29,Harina de Trigo la Insuperable 50kg Bulto x 50kg Unidad,1.0,167143.0,10028.58
13147517,2022-08-01,Contenedor J1 Darnel Paquete x 200 unidades Paquete,1.0,63950.0,5116.0
13130564,2022-07-29,Lim칩n Pajarito Est치ndar Kg - 游뱀 (Insuperable),1.0,3192.0,574.56
13449079,2022-08-08,Aceite Naoli x 3Lt Botella por 3 litros Unidad,1.0,21891.0,656.73
13388332,2022-08-08,Contendor c1 Blanco Paquete x 20 unidades Paquete,2.0,4403.0,616.42
13140870,2022-07-28,Aceite Naoli x 3Lt Botella por 3 litros Unidad,2.0,21840.0,1310.4
13345785,2022-08-04,Pechuga con Hueso y Piel  Campollo x 2.7kg - 3.5kg Bolsa entre 2.7kg - 3.5kg (3 unidades) Desde 1 Bolsa,1.0,12700.0,2667.0
13447417,2022-08-08,Papa Blanca Sucia Tama침o Mixto Kg,5.0,1177.0,211.86
13261271,2022-08-02,Pollo Entero Marinado  Mercapollo x 1.9kg  Congelado Pollo Entero x 1.9kg,1.0,9300.0,1060.2
13382596,2022-08-06,Maracuy치 Mixto Kg,4.0,3920.0,1176.0
13261190,2022-08-02,Pechuga con Hueso y Piel  Campollo x 2.7kg - 3.5kg Bolsa entre 2.7kg - 3.5kg (3 unidades) Desde 1 Bolsa,1.0,12700.0,2286.0
13293559,2022-08-03,Papa Blanca Sucia Tama침o Mixto Sucia x Bulto,1.0,1070.0,3017.4
12982941,2022-07-29,Arroz Emperador Bulto 45kg Bulto 45kg Unidad,1.0,160590.0,6423.6
13121674,2022-07-29,Servilletas cortadas Nube 320 und Paquete x 320 unidades Desde 15 paquetes,15.0,2815.0,2111.25
13146296,2022-07-29,Tomate Chonto Maduraci칩n Mixta Est치ndar (Grande) Kg,1.0,2985.0,298.5
13545477,2022-08-10,Muslo con Contra Muslo  Campollo x 1.5kg - 1.9kg Bolsa entre 1.5kg - 1.9kg (3 unidades) Desde 1 Bolsa,1.0,7350.0,573.3
13064216,2022-07-30,Huevos Rojos A x 30 und Cart칩n x 30 un Desde 3 cartones,5.0,14750.0,4425.0
13276489,2022-08-05,Huevos Rojos A x 30 und Cart칩n x 30 un Desde 3 cartones,5.0,15450.0,4635.0
13307263,2022-08-03,Pechuga con Hueso y Piel  Campollo x 2.7kg - 3.5kg Bolsa entre 2.7kg - 3.5kg (3 unidades) Desde 1 Bolsa,2.0,12700.0,2933.7
13113116,2022-08-03,Pechuga con Hueso y Piel  Campollo x 2.7kg - 3.5kg Bolsa entre 2.7kg - 3.5kg (3 unidades) Desde 3 Bolsas,3.0,12500.0,8662.5
13234604,2022-08-03,Papa Blanca Sucia Tama침o Mixto Sucia x Bulto,1.0,1070.0,3017.4
13361879,2022-08-05,Papa Blanca Sucia Tama침o Mixto Kg,3.0,1177.0,211.86
13285934,2022-08-05,Lim칩n Pajarito Corriente Est치ndar Kg,1.0,3260.0,195.6
13205424,2022-08-02,Maracuy치 Mixto Kg,3.0,3860.0,463.2
13556887,2022-08-11,Aceite Naoli x 3Lt Botella por 3 litros Unidad,2.0,21891.0,1313.46
13492345,2022-08-11,Arroz Naoli x 3kg Bolsa de 3Kg Unidad,1.0,10890.0,326.7
13458716,2022-08-08,Aceite Naoli x 3Lt Botella por 3 litros Unidad,1.0,21891.0,656.73
13364206,2022-08-04,Pasta fideo la mu침eca x 500gr Bolsa x 500g Desde 1 bolsa,2.0,3160.0,632.0
13130176,2022-08-01,Papa Blanca Sucia Tama침o Mixto Sucia x Bulto,1.0,1170.0,3299.4
13348809,2022-08-06,Arroz Naoli Bulto x 10kg Bulto x 10Kg Desde 1 bulto,1.0,37990.0,1519.6
13458380,2022-08-08,Maracuy치 Mixto Kg,1.0,6140.0,1105.2
13562245,2022-08-11,Salchichon Cervecero  Cunit x 1kg  Refrigerado Bolsa x 1kg,1.0,14571.0,1894.23
13141389,2022-07-30,Zanahoria Mixta Kg,1.0,2678.0,401.7
13306419,2022-08-03,Az칰car en Bulto x 50kg  Bulto x 50kg Unidad,1.0,225705.0,11285.25
13429138,2022-08-08,Yuca Tama침o Mixto Kg,3.0,2940.0,3704.4
13509134,2022-08-12,Toalla de cocina doble hoja Nube x 50h Rollo x 50 hojas Unidad,1.0,1437.0,143.7
13074362,2022-08-01,Cebolla Cabezona Blanca Sin Pelar Mixta Kg,3.0,4038.0,1817.1
13215942,2022-08-01,Pasta spaguetti  la mu침eca x 1000gr  Bolsa x 1000g Desde 1 bolsa,1.0,4704.0,470.4
13459684,2022-08-08,Aceite Naoli x 3Lt Botella por 3 litros Unidad,3.0,21891.0,1970.19
13209581,2022-08-02,Bolsa manigueta blanca 3 Kg x 100 und Paquete x 100 un Desde 1 paquete,1.0,2400.0,216.0
13308573,2022-08-08,Huevos Rojos AA x 30 und Cart칩n x 30 un Cart칩n,1.0,15500.0,930.0
13215941,2022-08-01,Pechuga con Hueso y Piel  Campollo x 2.7kg - 3.5kg Bolsa entre 2.7kg - 3.5kg (3 unidades) Desde 3 Bolsas,3.0,12500.0,7357.5
13206043,2022-08-02,Aceite Naoli x 3Lt Botella por 3 litros Unidad,3.0,21840.0,1965.6
13307340,2022-08-03,Muslo con Contra Muslo  Campollo x 1.5kg - 1.9kg Bolsa entre 1.5kg - 1.9kg (3 unidades) Desde 1 Bolsa,18.0,7300.0,13718.16
13171958,2022-08-04,Huevos Rojos AA x 30 und Cart칩n x 30 un Cart칩n,6.0,15600.0,8424.0
13112664,2022-07-30,Pechuga con Hueso y Piel  Campollo x 2.7kg - 3.5kg Bolsa entre 2.7kg - 3.5kg (3 unidades) Desde 3 Bolsas,3.0,11700.0,20270.25
13087339,2022-07-28,Contenedor J1 Darnel Paquete x 200 unidades Paquete,1.0,63025.0,5042.0
13442640,2022-08-11,Huevos Rojos AA x 30 und Cart칩n x 30 un Cart칩n,2.0,16200.0,1944.0
13162005,2022-07-30,Bolsa manigueta blanca 10Kg x 100 und Paquete x 100 un Desde 1 paquete,1.0,4303.0,344.24
13089668,2022-07-30,Zanahoria Mixta Kg,4.0,2678.0,1606.8
13231536,2022-08-01,Aceite Naoli x 3Lt Botella por 3 litros Unidad,1.0,21840.0,655.2
13145321,2022-08-01,Harina de trigo La Nieve 50kg Bulto x 50kg Unidad,1.0,163333.0,6533.32
13508139,2022-08-10,Salsa con Mostaza Pompeya Bolsa x 1.000gr Bolsa x 1000g Desde 1 bolsa,1.0,4083.0,204.15
13421244,2022-08-06,Cebolla Cabezona Blanca Sin Pelar Mixta Kg,3.0,3131.0,1878.6
13437737,2022-08-10,Papa Blanca Sucia Tama침o Mixto Sucia x Bulto,1.0,1060.0,2989.2
13306534,2022-08-06,Muslo con Contra Muslo  Campollo x 1.5kg - 1.9kg Bolsa entre 1.5kg - 1.9kg (3 unidades) Desde 1 Bolsa,1.0,7350.0,771.75
13178903,2022-08-01,Ceboll칤n Limpio Atado Unidad,1.0,2524.0,176.68
13059661,2022-07-29,Tomate de 츼rbol Corriente Tama침o Mixto Kg,1.0,3700.0,296.0
13414807,2022-08-08,Huevos Rojos AA x 30 und Cart칩n x 30 un Cart칩n,5.0,16000.0,4800.0
13106814,2022-08-01,Arroz Emperador Bulto 45kg Bulto 45kg Desde 2 unidades,2.0,158990.0,12719.2
13190512,2022-08-01,Harina de Trigo la Insuperable 50kg Bulto x 50kg Unidad,1.0,167143.0,10028.58
13131797,2022-08-01,Az칰car en Bulto x 50kg  Bulto x 50kg Unidad,1.0,221810.0,11090.5
13363959,2022-08-06,Papa Blanca Sucia Tama침o Mixto Kg,10.0,1177.0,211.86
13378822,2022-08-08,Chorizo Antioque침o  Santa Cruz x 480gr  Refrigerado - Bolsa de 480g (6 unidades de 80g c/u aprox) Desde 1 Bolsa (480g),2.0,6486.0,1686.36
13265468,2022-08-02,Toalla de cocina doble hoja Nube x 50h Rollo x 50 hojas Desde 3 Unidades,6.0,1437.0,258.66
13149909,2022-07-30,Tomate Chonto Maduraci칩n Mixta Semi (Mediano) Kg,2.0,2225.0,667.5
13338237,2022-08-05,Pechuga con Hueso y Piel  Campollo x 2.7kg - 3.5kg Bolsa entre 2.7kg - 3.5kg (3 unidades) Desde 1 Bolsa,2.0,12900.0,2089.8
13179887,2022-07-30,Pollo Entero Marinado  Mercapollo x 1.9kg  Congelado Pollo Entero x 1.9kg,1.0,9150.0,1043.1
13463887,2022-08-10,Servilletas cortadas Nube 320 und Paquete x 320 unidades Desde 15 paquetes,15.0,2815.0,2111.25
13430971,2022-08-06,Muslo con Contra Muslo  Campollo x 1.5kg - 1.9kg Bolsa entre 1.5kg - 1.9kg (3 unidades) Desde 4 Bolsas,6.0,7200.0,3862.08
13187240,2022-08-01,Aceite Naoli x 3Lt Botella por 3 litros Unidad,1.0,21840.0,655.2
13012948,2022-07-29,Pollo Entero Sin Viceras  Campollo x 1.8kg y 2.2kg Congelado - Pollo Entero entre 1.8kg y 2.2kg Desde 3 Pollos,3.0,8300.0,2988.0
13182812,2022-08-01,Arroz Pinillar 25und x 500 gr Paquete 25 unidades x 500g Desde 4 unidades,4.0,46490.0,13017.2
13133220,2022-07-29,Maracuy치 Mixto Kg,2.0,6460.0,775.2
13509379,2022-08-10,Papa Blanca Sucia Tama침o Mixto Sucia x Bulto,1.0,1060.0,2989.2
13418426,2022-08-08,Az칰car en Bulto x 50kg  Bulto x 50kg Unidad,1.0,218857.0,6565.71
13356770,2022-08-05,Aceite Naoli x 3Lt Botella por 3 litros Unidad,2.0,21891.0,1313.46
13397641,2022-08-10,Papa a la Francesa Mydibel Calypso x 2.5 Bolsa de 2.5 kg 1 Bolsa (2.5kg),3.0,15958.0,2393.7
13156367,2022-07-30,Aceite Naoli x 3Lt Botella por 3 litros Unidad,4.0,21840.0,2620.8
13532377,2022-08-10,Pl치tano Verde Est치ndar Mediano Extra Maduro,1.0,2510.0,451.8
13215904,2022-08-01,Tomate Chonto Maduro Est치ndar (Grande) Al por mayor,2.0,2550.0,2448.0
13284844,2022-08-01,Arroz Naoli Bulto x 10kg Bulto x 10Kg Desde 1 bulto,1.0,37790.0,1511.6
13082092,2022-08-01,Az칰car en Bulto x 50kg  Bulto x 50kg Unidad,1.0,229429.0,11471.45
13422645,2022-08-06,Aceite Naoli x 3Lt Botella por 3 litros Unidad,6.0,21891.0,1970.19
13419603,2022-08-06,Aceite Naoli x 3Lt Botella por 3 litros Unidad,1.0,21891.0,656.73
13205405,2022-08-01,Frijol Zaragoza Naoli de 500gr Bolsa de 500gr Unidad,10.0,3750.0,4500.0
13024380,2022-07-30,Leche Entera Santo Domingo 6und x 900 ml Paquete de 6 Bolsas 900ml c/u Desde 1 paquete,2.0,17731.0,1418.48
13222675,2022-08-02,Leche Deslactosada Santo Domingo 6und x 900 ml Paquete de 6 Bolsas 900ml c/u Desde 1 paquete,1.0,18506.0,925.3
13307348,2022-08-03,Pechuga con Hueso y Piel  Campollo x 2.7kg - 3.5kg Bolsa entre 2.7kg - 3.5kg (3 unidades) Desde 3 Bolsas,3.0,12500.0,8662.5
13568748,2022-08-11,Crema lavaloza lim칩n Limpia Ya 450gr Empaque de 450gr Unidad,4.0,2263.0,113.15
13573007,2022-08-11,Pechuga con Hueso y Piel  Campollo x 2.7kg - 3.5kg Bolsa entre 2.7kg - 3.5kg (3 unidades) Desde 1 Bolsa,1.0,13000.0,2106.0
13213974,2022-08-02,Crema lavaloza lim칩n Limpia Ya 450gr Empaque de 450gr Unidad,1.0,2263.0,113.15
13198693,2022-08-03,Aceite Naoli x 3Lt Botella por 3 litros Unidad,2.0,21891.0,1313.46
13241702,2022-08-01,Cebolla Cabezona Blanca Sin Pelar Mixta Kg,2.0,4038.0,484.56
13304824,2022-08-03,Leche Deslactosada Santo Domingo 6und x 900 ml Paquete de 6 Bolsas 900ml c/u Desde 1 paquete,1.0,18950.0,947.5
13544895,2022-08-11,Papa Blanca Sucia Tama침o Mixto Sucia x Bulto,1.0,1060.0,2989.2
13142571,2022-08-02,Arroz Pinillar 25und x 500 gr Paquete 25 unidades x 500g Desde 4 unidades,4.0,46490.0,13017.2
13591450,2022-08-12,Mazorca Est치ndar Unidad,10.0,1190.0,1785.0
13004555,2022-08-02,Ajo Estandar Kg,1.0,8000.0,1440.0
13142695,2022-07-30,Gaseosa Coca Cola pet 12und x 1.5 Lt Paca x 12 Unidades de 1.5 Lts c/u Desde 1 Paca,1.0,43697.0,2184.85
13578764,2022-08-12,Maracuy치 Mixto Kg,2.0,3330.0,266.4
13465000,2022-08-09,Papa Blanca Sucia Tama침o Mixto Sucia x Bulto,1.0,1070.0,3017.4
13638632,2022-08-12,Sirloin Deshuesado de Cerdo - Vianda. Congelado - Bolsa de 3kg Desde 1 Bolsa (3kg),1.0,14900.0,5811.0
13612739,2022-08-13,Harina de trigo La Nieve 50kg Bulto x 50kg Unidad,1.0,159048.0,6361.92
13155110,2022-08-01,Huevos Rojos AA x 30 und Cart칩n x 30 un Cart칩n,1.0,15850.0,951.0
